Id	HashTag
1	#психологШтатный
2	#Штатныйпсихолог
3	#психологиШтатный
4	#Штатныйпсихологи
5	#психологаШтатный
6	#Штатныйпсихолога
7	#психологовШтатный
8	#Штатныйпсихологов
9	#психологуШтатный
10	#Штатныйпсихологу
11	#психологамШтатный
12	#Штатныйпсихологам
13	#психологомШтатный
14	#Штатныйпсихологом
15	#психологамиШтатный
16	#Штатныйпсихологами
17	#психологеШтатный
18	#Штатныйпсихологе
19	#психологахШтатный
20	#Штатныйпсихологах
21	#врачШтатный
22	#Штатныйврач
23	#психШтатный
24	#Штатныйпсих
25	#ФрейдШтатный
26	#ШтатныйФрейд
27	#сурдопсихологШтатный
28	#Штатныйсурдопсихолог
29	#реактологШтатный
30	#Штатныйреактолог
31	#олигофренопсихологШтатный
32	#Штатныйолигофренопсихолог
33	#логопсихологШтатный
34	#Штатныйлогопсихолог
35	#лингвопсихологШтатный
36	#Штатныйлингвопсихолог
37	#психолухШтатный
38	#Штатныйпсихолух
39	#зоопсихологШтатный
40	#Штатныйзоопсихолог
41	#социопсихологШтатный
42	#Штатныйсоциопсихолог
43	#онкопсихологШтатный
44	#Штатныйонкопсихолог
45	#гештальтпсихологШтатный
46	#Штатныйгештальтпсихолог
47	#астропсихологШтатный
48	#Штатныйастропсихолог
49	#сердцеведецШтатный
50	#Штатныйсердцеведец
51	#сердцеведШтатный
52	#Штатныйсердцевед
53	#космопсихологШтатный
54	#Штатныйкосмопсихолог
55	#наркопсихологШтатный
56	#Штатныйнаркопсихолог
57	#бизнес-психологШтатный
58	#Штатныйбизнес-психолог
59	#физиономистШтатный
60	#Штатныйфизиономист
61	#психолог-эргономистШтатный
62	#Штатныйпсихолог-эргономист
63	#психолог-криминалистШтатный
64	#Штатныйпсихолог-криминалист
65	#психолог-экспериментаторШтатный
66	#Штатныйпсихолог-экспериментатор
67	#психолог-практикШтатный
68	#Штатныйпсихолог-практик
69	#психолог-позитивистШтатный
70	#Штатныйпсихолог-позитивист
71	#физиономисткаШтатный
72	#Штатныйфизиономистка
73	#психолог-консультантШтатный
74	#Штатныйпсихолог-консультант
75	#психолог-дефектологШтатный
76	#Штатныйпсихолог-дефектолог
77	#этнопсихологШтатный
78	#Штатныйэтнопсихолог
79	#сердцеведкаШтатный
80	#Штатныйсердцеведка
81	#тифлопсихологШтатный
82	#Штатныйтифлопсихолог
83	#психологПсихологический
84	#Психологическийпсихолог
85	#психологиПсихологический
86	#Психологическийпсихологи
87	#психологаПсихологический
88	#Психологическийпсихолога
89	#психологовПсихологический
90	#Психологическийпсихологов
91	#психологуПсихологический
92	#Психологическийпсихологу
93	#психологамПсихологический
94	#Психологическийпсихологам
95	#психологомПсихологический
96	#Психологическийпсихологом
97	#психологамиПсихологический
98	#Психологическийпсихологами
99	#психологеПсихологический
100	#Психологическийпсихологе
101	#психологахПсихологический
102	#Психологическийпсихологах
103	#врачПсихологический
104	#Психологическийврач
105	#психПсихологический
106	#Психологическийпсих
107	#ФрейдПсихологический
108	#ПсихологическийФрейд
109	#сурдопсихологПсихологический
110	#Психологическийсурдопсихолог
111	#реактологПсихологический
112	#Психологическийреактолог
113	#олигофренопсихологПсихологический
114	#Психологическийолигофренопсихолог
115	#логопсихологПсихологический
116	#Психологическийлогопсихолог
117	#лингвопсихологПсихологический
118	#Психологическийлингвопсихолог
119	#психолухПсихологический
120	#Психологическийпсихолух
121	#зоопсихологПсихологический
122	#Психологическийзоопсихолог
123	#социопсихологПсихологический
124	#Психологическийсоциопсихолог
125	#онкопсихологПсихологический
126	#Психологическийонкопсихолог
127	#гештальтпсихологПсихологический
128	#Психологическийгештальтпсихолог
129	#астропсихологПсихологический
130	#Психологическийастропсихолог
131	#сердцеведецПсихологический
132	#Психологическийсердцеведец
133	#сердцеведПсихологический
134	#Психологическийсердцевед
135	#космопсихологПсихологический
136	#Психологическийкосмопсихолог
137	#наркопсихологПсихологический
138	#Психологическийнаркопсихолог
139	#бизнес-психологПсихологический
140	#Психологическийбизнес-психолог
141	#физиономистПсихологический
142	#Психологическийфизиономист
143	#психолог-эргономистПсихологический
144	#Психологическийпсихолог-эргономист
145	#психолог-криминалистПсихологический
146	#Психологическийпсихолог-криминалист
147	#психолог-экспериментаторПсихологический
148	#Психологическийпсихолог-экспериментатор
149	#психолог-практикПсихологический
150	#Психологическийпсихолог-практик
151	#психолог-позитивистПсихологический
152	#Психологическийпсихолог-позитивист
153	#физиономисткаПсихологический
154	#Психологическийфизиономистка
155	#психолог-консультантПсихологический
156	#Психологическийпсихолог-консультант
157	#психолог-дефектологПсихологический
158	#Психологическийпсихолог-дефектолог
159	#этнопсихологПсихологический
160	#Психологическийэтнопсихолог
161	#сердцеведкаПсихологический
162	#Психологическийсердцеведка
163	#тифлопсихологПсихологический
164	#Психологическийтифлопсихолог
165	#психологКлинический
166	#Клиническийпсихолог
167	#психологиКлинический
168	#Клиническийпсихологи
169	#психологаКлинический
170	#Клиническийпсихолога
171	#психологовКлинический
172	#Клиническийпсихологов
173	#психологуКлинический
174	#Клиническийпсихологу
175	#психологамКлинический
176	#Клиническийпсихологам
177	#психологомКлинический
178	#Клиническийпсихологом
179	#психологамиКлинический
180	#Клиническийпсихологами
181	#психологеКлинический
182	#Клиническийпсихологе
183	#психологахКлинический
184	#Клиническийпсихологах
185	#врачКлинический
186	#Клиническийврач
187	#психКлинический
188	#Клиническийпсих
189	#ФрейдКлинический
190	#КлиническийФрейд
191	#сурдопсихологКлинический
192	#Клиническийсурдопсихолог
193	#реактологКлинический
194	#Клиническийреактолог
195	#олигофренопсихологКлинический
196	#Клиническийолигофренопсихолог
197	#логопсихологКлинический
198	#Клиническийлогопсихолог
199	#лингвопсихологКлинический
200	#Клиническийлингвопсихолог
201	#психолухКлинический
202	#Клиническийпсихолух
203	#зоопсихологКлинический
204	#Клиническийзоопсихолог
205	#социопсихологКлинический
206	#Клиническийсоциопсихолог
207	#онкопсихологКлинический
208	#Клиническийонкопсихолог
209	#гештальтпсихологКлинический
210	#Клиническийгештальтпсихолог
211	#астропсихологКлинический
212	#Клиническийастропсихолог
213	#сердцеведецКлинический
214	#Клиническийсердцеведец
215	#сердцеведКлинический
216	#Клиническийсердцевед
217	#космопсихологКлинический
218	#Клиническийкосмопсихолог
219	#наркопсихологКлинический
220	#Клиническийнаркопсихолог
221	#бизнес-психологКлинический
222	#Клиническийбизнес-психолог
223	#физиономистКлинический
224	#Клиническийфизиономист
225	#психолог-эргономистКлинический
226	#Клиническийпсихолог-эргономист
227	#психолог-криминалистКлинический
228	#Клиническийпсихолог-криминалист
229	#психолог-экспериментаторКлинический
230	#Клиническийпсихолог-экспериментатор
231	#психолог-практикКлинический
232	#Клиническийпсихолог-практик
233	#психолог-позитивистКлинический
234	#Клиническийпсихолог-позитивист
235	#физиономисткаКлинический
236	#Клиническийфизиономистка
237	#психолог-консультантКлинический
238	#Клиническийпсихолог-консультант
239	#психолог-дефектологКлинический
240	#Клиническийпсихолог-дефектолог
241	#этнопсихологКлинический
242	#Клиническийэтнопсихолог
243	#сердцеведкаКлинический
244	#Клиническийсердцеведка
245	#тифлопсихологКлинический
246	#Клиническийтифлопсихолог
247	#психологКвалифицированный
248	#Квалифицированныйпсихолог
249	#психологиКвалифицированный
250	#Квалифицированныйпсихологи
251	#психологаКвалифицированный
252	#Квалифицированныйпсихолога
253	#психологовКвалифицированный
254	#Квалифицированныйпсихологов
255	#психологуКвалифицированный
256	#Квалифицированныйпсихологу
257	#психологамКвалифицированный
258	#Квалифицированныйпсихологам
259	#психологомКвалифицированный
260	#Квалифицированныйпсихологом
261	#психологамиКвалифицированный
262	#Квалифицированныйпсихологами
263	#психологеКвалифицированный
264	#Квалифицированныйпсихологе
265	#психологахКвалифицированный
266	#Квалифицированныйпсихологах
267	#врачКвалифицированный
268	#Квалифицированныйврач
269	#психКвалифицированный
270	#Квалифицированныйпсих
271	#ФрейдКвалифицированный
272	#КвалифицированныйФрейд
273	#сурдопсихологКвалифицированный
274	#Квалифицированныйсурдопсихолог
275	#реактологКвалифицированный
276	#Квалифицированныйреактолог
277	#олигофренопсихологКвалифицированный
278	#Квалифицированныйолигофренопсихолог
279	#логопсихологКвалифицированный
280	#Квалифицированныйлогопсихолог
281	#лингвопсихологКвалифицированный
282	#Квалифицированныйлингвопсихолог
283	#психолухКвалифицированный
284	#Квалифицированныйпсихолух
285	#зоопсихологКвалифицированный
286	#Квалифицированныйзоопсихолог
287	#социопсихологКвалифицированный
288	#Квалифицированныйсоциопсихолог
289	#онкопсихологКвалифицированный
290	#Квалифицированныйонкопсихолог
291	#гештальтпсихологКвалифицированный
292	#Квалифицированныйгештальтпсихолог
293	#астропсихологКвалифицированный
294	#Квалифицированныйастропсихолог
295	#сердцеведецКвалифицированный
296	#Квалифицированныйсердцеведец
297	#сердцеведКвалифицированный
298	#Квалифицированныйсердцевед
299	#космопсихологКвалифицированный
300	#Квалифицированныйкосмопсихолог
301	#наркопсихологКвалифицированный
302	#Квалифицированныйнаркопсихолог
303	#бизнес-психологКвалифицированный
304	#Квалифицированныйбизнес-психолог
305	#физиономистКвалифицированный
306	#Квалифицированныйфизиономист
307	#психолог-эргономистКвалифицированный
308	#Квалифицированныйпсихолог-эргономист
309	#психолог-криминалистКвалифицированный
310	#Квалифицированныйпсихолог-криминалист
311	#психолог-экспериментаторКвалифицированный
312	#Квалифицированныйпсихолог-экспериментатор
313	#психолог-практикКвалифицированный
314	#Квалифицированныйпсихолог-практик
315	#психолог-позитивистКвалифицированный
316	#Квалифицированныйпсихолог-позитивист
317	#физиономисткаКвалифицированный
318	#Квалифицированныйфизиономистка
319	#психолог-консультантКвалифицированный
320	#Квалифицированныйпсихолог-консультант
321	#психолог-дефектологКвалифицированный
322	#Квалифицированныйпсихолог-дефектолог
323	#этнопсихологКвалифицированный
324	#Квалифицированныйэтнопсихолог
325	#сердцеведкаКвалифицированный
326	#Квалифицированныйсердцеведка
327	#тифлопсихологКвалифицированный
328	#Квалифицированныйтифлопсихолог
329	#психологПсихический
330	#Психическийпсихолог
331	#психологиПсихический
332	#Психическийпсихологи
333	#психологаПсихический
334	#Психическийпсихолога
335	#психологовПсихический
336	#Психическийпсихологов
337	#психологуПсихический
338	#Психическийпсихологу
339	#психологамПсихический
340	#Психическийпсихологам
341	#психологомПсихический
342	#Психическийпсихологом
343	#психологамиПсихический
344	#Психическийпсихологами
345	#психологеПсихический
346	#Психическийпсихологе
347	#психологахПсихический
348	#Психическийпсихологах
349	#врачПсихический
350	#Психическийврач
351	#психПсихический
352	#Психическийпсих
353	#ФрейдПсихический
354	#ПсихическийФрейд
355	#сурдопсихологПсихический
356	#Психическийсурдопсихолог
357	#реактологПсихический
358	#Психическийреактолог
359	#олигофренопсихологПсихический
360	#Психическийолигофренопсихолог
361	#логопсихологПсихический
362	#Психическийлогопсихолог
363	#лингвопсихологПсихический
364	#Психическийлингвопсихолог
365	#психолухПсихический
366	#Психическийпсихолух
367	#зоопсихологПсихический
368	#Психическийзоопсихолог
369	#социопсихологПсихический
370	#Психическийсоциопсихолог
371	#онкопсихологПсихический
372	#Психическийонкопсихолог
373	#гештальтпсихологПсихический
374	#Психическийгештальтпсихолог
375	#астропсихологПсихический
376	#Психическийастропсихолог
377	#сердцеведецПсихический
378	#Психическийсердцеведец
379	#сердцеведПсихический
380	#Психическийсердцевед
381	#космопсихологПсихический
382	#Психическийкосмопсихолог
383	#наркопсихологПсихический
384	#Психическийнаркопсихолог
385	#бизнес-психологПсихический
386	#Психическийбизнес-психолог
387	#физиономистПсихический
388	#Психическийфизиономист
389	#психолог-эргономистПсихический
390	#Психическийпсихолог-эргономист
391	#психолог-криминалистПсихический
392	#Психическийпсихолог-криминалист
393	#психолог-экспериментаторПсихический
394	#Психическийпсихолог-экспериментатор
395	#психолог-практикПсихический
396	#Психическийпсихолог-практик
397	#психолог-позитивистПсихический
398	#Психическийпсихолог-позитивист
399	#физиономисткаПсихический
400	#Психическийфизиономистка
401	#психолог-консультантПсихический
402	#Психическийпсихолог-консультант
403	#психолог-дефектологПсихический
404	#Психическийпсихолог-дефектолог
405	#этнопсихологПсихический
406	#Психическийэтнопсихолог
407	#сердцеведкаПсихический
408	#Психическийсердцеведка
409	#тифлопсихологПсихический
410	#Психическийтифлопсихолог
411	#психологШвейцарский
412	#Швейцарскийпсихолог
413	#психологиШвейцарский
414	#Швейцарскийпсихологи
415	#психологаШвейцарский
416	#Швейцарскийпсихолога
417	#психологовШвейцарский
418	#Швейцарскийпсихологов
419	#психологуШвейцарский
420	#Швейцарскийпсихологу
421	#психологамШвейцарский
422	#Швейцарскийпсихологам
423	#психологомШвейцарский
424	#Швейцарскийпсихологом
425	#психологамиШвейцарский
426	#Швейцарскийпсихологами
427	#психологеШвейцарский
428	#Швейцарскийпсихологе
429	#психологахШвейцарский
430	#Швейцарскийпсихологах
431	#врачШвейцарский
432	#Швейцарскийврач
433	#психШвейцарский
434	#Швейцарскийпсих
435	#ФрейдШвейцарский
436	#ШвейцарскийФрейд
437	#сурдопсихологШвейцарский
438	#Швейцарскийсурдопсихолог
439	#реактологШвейцарский
440	#Швейцарскийреактолог
441	#олигофренопсихологШвейцарский
442	#Швейцарскийолигофренопсихолог
443	#логопсихологШвейцарский
444	#Швейцарскийлогопсихолог
445	#лингвопсихологШвейцарский
446	#Швейцарскийлингвопсихолог
447	#психолухШвейцарский
448	#Швейцарскийпсихолух
449	#зоопсихологШвейцарский
450	#Швейцарскийзоопсихолог
451	#социопсихологШвейцарский
452	#Швейцарскийсоциопсихолог
453	#онкопсихологШвейцарский
454	#Швейцарскийонкопсихолог
455	#гештальтпсихологШвейцарский
456	#Швейцарскийгештальтпсихолог
457	#астропсихологШвейцарский
458	#Швейцарскийастропсихолог
459	#сердцеведецШвейцарский
460	#Швейцарскийсердцеведец
461	#сердцеведШвейцарский
462	#Швейцарскийсердцевед
463	#космопсихологШвейцарский
464	#Швейцарскийкосмопсихолог
465	#наркопсихологШвейцарский
466	#Швейцарскийнаркопсихолог
467	#бизнес-психологШвейцарский
468	#Швейцарскийбизнес-психолог
469	#физиономистШвейцарский
470	#Швейцарскийфизиономист
471	#психолог-эргономистШвейцарский
472	#Швейцарскийпсихолог-эргономист
473	#психолог-криминалистШвейцарский
474	#Швейцарскийпсихолог-криминалист
475	#психолог-экспериментаторШвейцарский
476	#Швейцарскийпсихолог-экспериментатор
477	#психолог-практикШвейцарский
478	#Швейцарскийпсихолог-практик
479	#психолог-позитивистШвейцарский
480	#Швейцарскийпсихолог-позитивист
481	#физиономисткаШвейцарский
482	#Швейцарскийфизиономистка
483	#психолог-консультантШвейцарский
484	#Швейцарскийпсихолог-консультант
485	#психолог-дефектологШвейцарский
486	#Швейцарскийпсихолог-дефектолог
487	#этнопсихологШвейцарский
488	#Швейцарскийэтнопсихолог
489	#сердцеведкаШвейцарский
490	#Швейцарскийсердцеведка
491	#тифлопсихологШвейцарский
492	#Швейцарскийтифлопсихолог
493	#психологНеплохой
494	#Неплохойпсихолог
495	#психологиНеплохой
496	#Неплохойпсихологи
497	#психологаНеплохой
498	#Неплохойпсихолога
499	#психологовНеплохой
500	#Неплохойпсихологов
501	#психологуНеплохой
502	#Неплохойпсихологу
503	#психологамНеплохой
504	#Неплохойпсихологам
505	#психологомНеплохой
506	#Неплохойпсихологом
507	#психологамиНеплохой
508	#Неплохойпсихологами
509	#психологеНеплохой
510	#Неплохойпсихологе
511	#психологахНеплохой
512	#Неплохойпсихологах
513	#врачНеплохой
514	#Неплохойврач
515	#психНеплохой
516	#Неплохойпсих
517	#ФрейдНеплохой
518	#НеплохойФрейд
519	#сурдопсихологНеплохой
520	#Неплохойсурдопсихолог
521	#реактологНеплохой
522	#Неплохойреактолог
523	#олигофренопсихологНеплохой
524	#Неплохойолигофренопсихолог
525	#логопсихологНеплохой
526	#Неплохойлогопсихолог
527	#лингвопсихологНеплохой
528	#Неплохойлингвопсихолог
529	#психолухНеплохой
530	#Неплохойпсихолух
531	#зоопсихологНеплохой
532	#Неплохойзоопсихолог
533	#социопсихологНеплохой
534	#Неплохойсоциопсихолог
535	#онкопсихологНеплохой
536	#Неплохойонкопсихолог
537	#гештальтпсихологНеплохой
538	#Неплохойгештальтпсихолог
539	#астропсихологНеплохой
540	#Неплохойастропсихолог
541	#сердцеведецНеплохой
542	#Неплохойсердцеведец
543	#сердцеведНеплохой
544	#Неплохойсердцевед
545	#космопсихологНеплохой
546	#Неплохойкосмопсихолог
547	#наркопсихологНеплохой
548	#Неплохойнаркопсихолог
549	#бизнес-психологНеплохой
550	#Неплохойбизнес-психолог
551	#физиономистНеплохой
552	#Неплохойфизиономист
553	#психолог-эргономистНеплохой
554	#Неплохойпсихолог-эргономист
555	#психолог-криминалистНеплохой
556	#Неплохойпсихолог-криминалист
557	#психолог-экспериментаторНеплохой
558	#Неплохойпсихолог-экспериментатор
559	#психолог-практикНеплохой
560	#Неплохойпсихолог-практик
561	#психолог-позитивистНеплохой
562	#Неплохойпсихолог-позитивист
563	#физиономисткаНеплохой
564	#Неплохойфизиономистка
565	#психолог-консультантНеплохой
566	#Неплохойпсихолог-консультант
567	#психолог-дефектологНеплохой
568	#Неплохойпсихолог-дефектолог
569	#этнопсихологНеплохой
570	#Неплохойэтнопсихолог
571	#сердцеведкаНеплохой
572	#Неплохойсердцеведка
573	#тифлопсихологНеплохой
574	#Неплохойтифлопсихолог
575	#психологХреновый
576	#Хреновыйпсихолог
577	#психологиХреновый
578	#Хреновыйпсихологи
579	#психологаХреновый
580	#Хреновыйпсихолога
581	#психологовХреновый
582	#Хреновыйпсихологов
583	#психологуХреновый
584	#Хреновыйпсихологу
585	#психологамХреновый
586	#Хреновыйпсихологам
587	#психологомХреновый
588	#Хреновыйпсихологом
589	#психологамиХреновый
590	#Хреновыйпсихологами
591	#психологеХреновый
592	#Хреновыйпсихологе
593	#психологахХреновый
594	#Хреновыйпсихологах
595	#врачХреновый
596	#Хреновыйврач
597	#психХреновый
598	#Хреновыйпсих
599	#ФрейдХреновый
600	#ХреновыйФрейд
601	#сурдопсихологХреновый
602	#Хреновыйсурдопсихолог
603	#реактологХреновый
604	#Хреновыйреактолог
605	#олигофренопсихологХреновый
606	#Хреновыйолигофренопсихолог
607	#логопсихологХреновый
608	#Хреновыйлогопсихолог
609	#лингвопсихологХреновый
610	#Хреновыйлингвопсихолог
611	#психолухХреновый
612	#Хреновыйпсихолух
613	#зоопсихологХреновый
614	#Хреновыйзоопсихолог
615	#социопсихологХреновый
616	#Хреновыйсоциопсихолог
617	#онкопсихологХреновый
618	#Хреновыйонкопсихолог
619	#гештальтпсихологХреновый
620	#Хреновыйгештальтпсихолог
621	#астропсихологХреновый
622	#Хреновыйастропсихолог
623	#сердцеведецХреновый
624	#Хреновыйсердцеведец
625	#сердцеведХреновый
626	#Хреновыйсердцевед
627	#космопсихологХреновый
628	#Хреновыйкосмопсихолог
629	#наркопсихологХреновый
630	#Хреновыйнаркопсихолог
631	#бизнес-психологХреновый
632	#Хреновыйбизнес-психолог
633	#физиономистХреновый
634	#Хреновыйфизиономист
635	#психолог-эргономистХреновый
636	#Хреновыйпсихолог-эргономист
637	#психолог-криминалистХреновый
638	#Хреновыйпсихолог-криминалист
639	#психолог-экспериментаторХреновый
640	#Хреновыйпсихолог-экспериментатор
641	#психолог-практикХреновый
642	#Хреновыйпсихолог-практик
643	#психолог-позитивистХреновый
644	#Хреновыйпсихолог-позитивист
645	#физиономисткаХреновый
646	#Хреновыйфизиономистка
647	#психолог-консультантХреновый
648	#Хреновыйпсихолог-консультант
649	#психолог-дефектологХреновый
650	#Хреновыйпсихолог-дефектолог
651	#этнопсихологХреновый
652	#Хреновыйэтнопсихолог
653	#сердцеведкаХреновый
654	#Хреновыйсердцеведка
655	#тифлопсихологХреновый
656	#Хреновыйтифлопсихолог
657	#психологПрофессиональный
658	#Профессиональныйпсихолог
659	#психологиПрофессиональный
660	#Профессиональныйпсихологи
661	#психологаПрофессиональный
662	#Профессиональныйпсихолога
663	#психологовПрофессиональный
664	#Профессиональныйпсихологов
665	#психологуПрофессиональный
666	#Профессиональныйпсихологу
667	#психологамПрофессиональный
668	#Профессиональныйпсихологам
669	#психологомПрофессиональный
670	#Профессиональныйпсихологом
671	#психологамиПрофессиональный
672	#Профессиональныйпсихологами
673	#психологеПрофессиональный
674	#Профессиональныйпсихологе
675	#психологахПрофессиональный
676	#Профессиональныйпсихологах
677	#врачПрофессиональный
678	#Профессиональныйврач
679	#психПрофессиональный
680	#Профессиональныйпсих
681	#ФрейдПрофессиональный
682	#ПрофессиональныйФрейд
683	#сурдопсихологПрофессиональный
684	#Профессиональныйсурдопсихолог
685	#реактологПрофессиональный
686	#Профессиональныйреактолог
687	#олигофренопсихологПрофессиональный
688	#Профессиональныйолигофренопсихолог
689	#логопсихологПрофессиональный
690	#Профессиональныйлогопсихолог
691	#лингвопсихологПрофессиональный
692	#Профессиональныйлингвопсихолог
693	#психолухПрофессиональный
694	#Профессиональныйпсихолух
695	#зоопсихологПрофессиональный
696	#Профессиональныйзоопсихолог
697	#социопсихологПрофессиональный
698	#Профессиональныйсоциопсихолог
699	#онкопсихологПрофессиональный
700	#Профессиональныйонкопсихолог
701	#гештальтпсихологПрофессиональный
702	#Профессиональныйгештальтпсихолог
703	#астропсихологПрофессиональный
704	#Профессиональныйастропсихолог
705	#сердцеведецПрофессиональный
706	#Профессиональныйсердцеведец
707	#сердцеведПрофессиональный
708	#Профессиональныйсердцевед
709	#космопсихологПрофессиональный
710	#Профессиональныйкосмопсихолог
711	#наркопсихологПрофессиональный
712	#Профессиональныйнаркопсихолог
713	#бизнес-психологПрофессиональный
714	#Профессиональныйбизнес-психолог
715	#физиономистПрофессиональный
716	#Профессиональныйфизиономист
717	#психолог-эргономистПрофессиональный
718	#Профессиональныйпсихолог-эргономист
719	#психолог-криминалистПрофессиональный
720	#Профессиональныйпсихолог-криминалист
721	#психолог-экспериментаторПрофессиональный
722	#Профессиональныйпсихолог-экспериментатор
723	#психолог-практикПрофессиональный
724	#Профессиональныйпсихолог-практик
725	#психолог-позитивистПрофессиональный
726	#Профессиональныйпсихолог-позитивист
727	#физиономисткаПрофессиональный
728	#Профессиональныйфизиономистка
729	#психолог-консультантПрофессиональный
730	#Профессиональныйпсихолог-консультант
731	#психолог-дефектологПрофессиональный
732	#Профессиональныйпсихолог-дефектолог
733	#этнопсихологПрофессиональный
734	#Профессиональныйэтнопсихолог
735	#сердцеведкаПрофессиональный
736	#Профессиональныйсердцеведка
737	#тифлопсихологПрофессиональный
738	#Профессиональныйтифлопсихолог
739	#психологСоциальный
740	#Социальныйпсихолог
741	#психологиСоциальный
742	#Социальныйпсихологи
743	#психологаСоциальный
744	#Социальныйпсихолога
745	#психологовСоциальный
746	#Социальныйпсихологов
747	#психологуСоциальный
748	#Социальныйпсихологу
749	#психологамСоциальный
750	#Социальныйпсихологам
751	#психологомСоциальный
752	#Социальныйпсихологом
753	#психологамиСоциальный
754	#Социальныйпсихологами
755	#психологеСоциальный
756	#Социальныйпсихологе
757	#психологахСоциальный
758	#Социальныйпсихологах
759	#врачСоциальный
760	#Социальныйврач
761	#психСоциальный
762	#Социальныйпсих
763	#ФрейдСоциальный
764	#СоциальныйФрейд
765	#сурдопсихологСоциальный
766	#Социальныйсурдопсихолог
767	#реактологСоциальный
768	#Социальныйреактолог
769	#олигофренопсихологСоциальный
770	#Социальныйолигофренопсихолог
771	#логопсихологСоциальный
772	#Социальныйлогопсихолог
773	#лингвопсихологСоциальный
774	#Социальныйлингвопсихолог
775	#психолухСоциальный
776	#Социальныйпсихолух
777	#зоопсихологСоциальный
778	#Социальныйзоопсихолог
779	#социопсихологСоциальный
780	#Социальныйсоциопсихолог
781	#онкопсихологСоциальный
782	#Социальныйонкопсихолог
783	#гештальтпсихологСоциальный
784	#Социальныйгештальтпсихолог
785	#астропсихологСоциальный
786	#Социальныйастропсихолог
787	#сердцеведецСоциальный
788	#Социальныйсердцеведец
789	#сердцеведСоциальный
790	#Социальныйсердцевед
791	#космопсихологСоциальный
792	#Социальныйкосмопсихолог
793	#наркопсихологСоциальный
794	#Социальныйнаркопсихолог
795	#бизнес-психологСоциальный
796	#Социальныйбизнес-психолог
797	#физиономистСоциальный
798	#Социальныйфизиономист
799	#психолог-эргономистСоциальный
800	#Социальныйпсихолог-эргономист
801	#психолог-криминалистСоциальный
802	#Социальныйпсихолог-криминалист
803	#психолог-экспериментаторСоциальный
804	#Социальныйпсихолог-экспериментатор
805	#психолог-практикСоциальный
806	#Социальныйпсихолог-практик
807	#психолог-позитивистСоциальный
808	#Социальныйпсихолог-позитивист
809	#физиономисткаСоциальный
810	#Социальныйфизиономистка
811	#психолог-консультантСоциальный
812	#Социальныйпсихолог-консультант
813	#психолог-дефектологСоциальный
814	#Социальныйпсихолог-дефектолог
815	#этнопсихологСоциальный
816	#Социальныйэтнопсихолог
817	#сердцеведкаСоциальный
818	#Социальныйсердцеведка
819	#тифлопсихологСоциальный
820	#Социальныйтифлопсихолог
821	#психологПсихиатрический
822	#Психиатрическийпсихолог
823	#психологиПсихиатрический
824	#Психиатрическийпсихологи
825	#психологаПсихиатрический
826	#Психиатрическийпсихолога
827	#психологовПсихиатрический
828	#Психиатрическийпсихологов
829	#психологуПсихиатрический
830	#Психиатрическийпсихологу
831	#психологамПсихиатрический
832	#Психиатрическийпсихологам
833	#психологомПсихиатрический
834	#Психиатрическийпсихологом
835	#психологамиПсихиатрический
836	#Психиатрическийпсихологами
837	#психологеПсихиатрический
838	#Психиатрическийпсихологе
839	#психологахПсихиатрический
840	#Психиатрическийпсихологах
841	#врачПсихиатрический
842	#Психиатрическийврач
843	#психПсихиатрический
844	#Психиатрическийпсих
845	#ФрейдПсихиатрический
846	#ПсихиатрическийФрейд
847	#сурдопсихологПсихиатрический
848	#Психиатрическийсурдопсихолог
849	#реактологПсихиатрический
850	#Психиатрическийреактолог
851	#олигофренопсихологПсихиатрический
852	#Психиатрическийолигофренопсихолог
853	#логопсихологПсихиатрический
854	#Психиатрическийлогопсихолог
855	#лингвопсихологПсихиатрический
856	#Психиатрическийлингвопсихолог
857	#психолухПсихиатрический
858	#Психиатрическийпсихолух
859	#зоопсихологПсихиатрический
860	#Психиатрическийзоопсихолог
861	#социопсихологПсихиатрический
862	#Психиатрическийсоциопсихолог
863	#онкопсихологПсихиатрический
864	#Психиатрическийонкопсихолог
865	#гештальтпсихологПсихиатрический
866	#Психиатрическийгештальтпсихолог
867	#астропсихологПсихиатрический
868	#Психиатрическийастропсихолог
869	#сердцеведецПсихиатрический
870	#Психиатрическийсердцеведец
871	#сердцеведПсихиатрический
872	#Психиатрическийсердцевед
873	#космопсихологПсихиатрический
874	#Психиатрическийкосмопсихолог
875	#наркопсихологПсихиатрический
876	#Психиатрическийнаркопсихолог
877	#бизнес-психологПсихиатрический
878	#Психиатрическийбизнес-психолог
879	#физиономистПсихиатрический
880	#Психиатрическийфизиономист
881	#психолог-эргономистПсихиатрический
882	#Психиатрическийпсихолог-эргономист
883	#психолог-криминалистПсихиатрический
884	#Психиатрическийпсихолог-криминалист
885	#психолог-экспериментаторПсихиатрический
886	#Психиатрическийпсихолог-экспериментатор
887	#психолог-практикПсихиатрический
888	#Психиатрическийпсихолог-практик
889	#психолог-позитивистПсихиатрический
890	#Психиатрическийпсихолог-позитивист
891	#физиономисткаПсихиатрический
892	#Психиатрическийфизиономистка
893	#психолог-консультантПсихиатрический
894	#Психиатрическийпсихолог-консультант
895	#психолог-дефектологПсихиатрический
896	#Психиатрическийпсихолог-дефектолог
897	#этнопсихологПсихиатрический
898	#Психиатрическийэтнопсихолог
899	#сердцеведкаПсихиатрический
900	#Психиатрическийсердцеведка
901	#тифлопсихологПсихиатрический
902	#Психиатрическийтифлопсихолог
903	#психологАналитический
904	#Аналитическийпсихолог
905	#психологиАналитический
906	#Аналитическийпсихологи
907	#психологаАналитический
908	#Аналитическийпсихолога
909	#психологовАналитический
910	#Аналитическийпсихологов
911	#психологуАналитический
912	#Аналитическийпсихологу
913	#психологамАналитический
914	#Аналитическийпсихологам
915	#психологомАналитический
916	#Аналитическийпсихологом
917	#психологамиАналитический
918	#Аналитическийпсихологами
919	#психологеАналитический
920	#Аналитическийпсихологе
921	#психологахАналитический
922	#Аналитическийпсихологах
923	#врачАналитический
924	#Аналитическийврач
925	#психАналитический
926	#Аналитическийпсих
927	#ФрейдАналитический
928	#АналитическийФрейд
929	#сурдопсихологАналитический
930	#Аналитическийсурдопсихолог
931	#реактологАналитический
932	#Аналитическийреактолог
933	#олигофренопсихологАналитический
934	#Аналитическийолигофренопсихолог
935	#логопсихологАналитический
936	#Аналитическийлогопсихолог
937	#лингвопсихологАналитический
938	#Аналитическийлингвопсихолог
939	#психолухАналитический
940	#Аналитическийпсихолух
941	#зоопсихологАналитический
942	#Аналитическийзоопсихолог
943	#социопсихологАналитический
944	#Аналитическийсоциопсихолог
945	#онкопсихологАналитический
946	#Аналитическийонкопсихолог
947	#гештальтпсихологАналитический
948	#Аналитическийгештальтпсихолог
949	#астропсихологАналитический
950	#Аналитическийастропсихолог
951	#сердцеведецАналитический
952	#Аналитическийсердцеведец
953	#сердцеведАналитический
954	#Аналитическийсердцевед
955	#космопсихологАналитический
956	#Аналитическийкосмопсихолог
957	#наркопсихологАналитический
958	#Аналитическийнаркопсихолог
959	#бизнес-психологАналитический
960	#Аналитическийбизнес-психолог
961	#физиономистАналитический
962	#Аналитическийфизиономист
963	#психолог-эргономистАналитический
964	#Аналитическийпсихолог-эргономист
965	#психолог-криминалистАналитический
966	#Аналитическийпсихолог-криминалист
967	#психолог-экспериментаторАналитический
968	#Аналитическийпсихолог-экспериментатор
969	#психолог-практикАналитический
970	#Аналитическийпсихолог-практик
971	#психолог-позитивистАналитический
972	#Аналитическийпсихолог-позитивист
973	#физиономисткаАналитический
974	#Аналитическийфизиономистка
975	#психолог-консультантАналитический
976	#Аналитическийпсихолог-консультант
977	#психолог-дефектологАналитический
978	#Аналитическийпсихолог-дефектолог
979	#этнопсихологАналитический
980	#Аналитическийэтнопсихолог
981	#сердцеведкаАналитический
982	#Аналитическийсердцеведка
983	#тифлопсихологАналитический
984	#Аналитическийтифлопсихолог
985	#психологНикудышный
986	#Никудышныйпсихолог
987	#психологиНикудышный
988	#Никудышныйпсихологи
989	#психологаНикудышный
990	#Никудышныйпсихолога
991	#психологовНикудышный
992	#Никудышныйпсихологов
993	#психологуНикудышный
994	#Никудышныйпсихологу
995	#психологамНикудышный
996	#Никудышныйпсихологам
997	#психологомНикудышный
998	#Никудышныйпсихологом
999	#психологамиНикудышный
1000	#Никудышныйпсихологами
1001	#психологеНикудышный
1002	#Никудышныйпсихологе
1003	#психологахНикудышный
1004	#Никудышныйпсихологах
1005	#врачНикудышный
1006	#Никудышныйврач
1007	#психНикудышный
1008	#Никудышныйпсих
1009	#ФрейдНикудышный
1010	#НикудышныйФрейд
1011	#сурдопсихологНикудышный
1012	#Никудышныйсурдопсихолог
1013	#реактологНикудышный
1014	#Никудышныйреактолог
1015	#олигофренопсихологНикудышный
1016	#Никудышныйолигофренопсихолог
1017	#логопсихологНикудышный
1018	#Никудышныйлогопсихолог
1019	#лингвопсихологНикудышный
1020	#Никудышныйлингвопсихолог
1021	#психолухНикудышный
1022	#Никудышныйпсихолух
1023	#зоопсихологНикудышный
1024	#Никудышныйзоопсихолог
1025	#социопсихологНикудышный
1026	#Никудышныйсоциопсихолог
1027	#онкопсихологНикудышный
1028	#Никудышныйонкопсихолог
1029	#гештальтпсихологНикудышный
1030	#Никудышныйгештальтпсихолог
1031	#астропсихологНикудышный
1032	#Никудышныйастропсихолог
1033	#сердцеведецНикудышный
1034	#Никудышныйсердцеведец
1035	#сердцеведНикудышный
1036	#Никудышныйсердцевед
1037	#космопсихологНикудышный
1038	#Никудышныйкосмопсихолог
1039	#наркопсихологНикудышный
1040	#Никудышныйнаркопсихолог
1041	#бизнес-психологНикудышный
1042	#Никудышныйбизнес-психолог
1043	#физиономистНикудышный
1044	#Никудышныйфизиономист
1045	#психолог-эргономистНикудышный
1046	#Никудышныйпсихолог-эргономист
1047	#психолог-криминалистНикудышный
1048	#Никудышныйпсихолог-криминалист
1049	#психолог-экспериментаторНикудышный
1050	#Никудышныйпсихолог-экспериментатор
1051	#психолог-практикНикудышный
1052	#Никудышныйпсихолог-практик
1053	#психолог-позитивистНикудышный
1054	#Никудышныйпсихолог-позитивист
1055	#физиономисткаНикудышный
1056	#Никудышныйфизиономистка
1057	#психолог-консультантНикудышный
1058	#Никудышныйпсихолог-консультант
1059	#психолог-дефектологНикудышный
1060	#Никудышныйпсихолог-дефектолог
1061	#этнопсихологНикудышный
1062	#Никудышныйэтнопсихолог
1063	#сердцеведкаНикудышный
1064	#Никудышныйсердцеведка
1065	#тифлопсихологНикудышный
1066	#Никудышныйтифлопсихолог
1067	#психологШкольный
1068	#Школьныйпсихолог
1069	#психологиШкольный
1070	#Школьныйпсихологи
1071	#психологаШкольный
1072	#Школьныйпсихолога
1073	#психологовШкольный
1074	#Школьныйпсихологов
1075	#психологуШкольный
1076	#Школьныйпсихологу
1077	#психологамШкольный
1078	#Школьныйпсихологам
1079	#психологомШкольный
1080	#Школьныйпсихологом
1081	#психологамиШкольный
1082	#Школьныйпсихологами
1083	#психологеШкольный
1084	#Школьныйпсихологе
1085	#психологахШкольный
1086	#Школьныйпсихологах
1087	#врачШкольный
1088	#Школьныйврач
1089	#психШкольный
1090	#Школьныйпсих
1091	#ФрейдШкольный
1092	#ШкольныйФрейд
1093	#сурдопсихологШкольный
1094	#Школьныйсурдопсихолог
1095	#реактологШкольный
1096	#Школьныйреактолог
1097	#олигофренопсихологШкольный
1098	#Школьныйолигофренопсихолог
1099	#логопсихологШкольный
1100	#Школьныйлогопсихолог
1101	#лингвопсихологШкольный
1102	#Школьныйлингвопсихолог
1103	#психолухШкольный
1104	#Школьныйпсихолух
1105	#зоопсихологШкольный
1106	#Школьныйзоопсихолог
1107	#социопсихологШкольный
1108	#Школьныйсоциопсихолог
1109	#онкопсихологШкольный
1110	#Школьныйонкопсихолог
1111	#гештальтпсихологШкольный
1112	#Школьныйгештальтпсихолог
1113	#астропсихологШкольный
1114	#Школьныйастропсихолог
1115	#сердцеведецШкольный
1116	#Школьныйсердцеведец
1117	#сердцеведШкольный
1118	#Школьныйсердцевед
1119	#космопсихологШкольный
1120	#Школьныйкосмопсихолог
1121	#наркопсихологШкольный
1122	#Школьныйнаркопсихолог
1123	#бизнес-психологШкольный
1124	#Школьныйбизнес-психолог
1125	#физиономистШкольный
1126	#Школьныйфизиономист
1127	#психолог-эргономистШкольный
1128	#Школьныйпсихолог-эргономист
1129	#психолог-криминалистШкольный
1130	#Школьныйпсихолог-криминалист
1131	#психолог-экспериментаторШкольный
1132	#Школьныйпсихолог-экспериментатор
1133	#психолог-практикШкольный
1134	#Школьныйпсихолог-практик
1135	#психолог-позитивистШкольный
1136	#Школьныйпсихолог-позитивист
1137	#физиономисткаШкольный
1138	#Школьныйфизиономистка
1139	#психолог-консультантШкольный
1140	#Школьныйпсихолог-консультант
1141	#психолог-дефектологШкольный
1142	#Школьныйпсихолог-дефектолог
1143	#этнопсихологШкольный
1144	#Школьныйэтнопсихолог
1145	#сердцеведкаШкольный
1146	#Школьныйсердцеведка
1147	#тифлопсихологШкольный
1148	#Школьныйтифлопсихолог
1149	#психологЭкспериментальный
1150	#Экспериментальныйпсихолог
1151	#психологиЭкспериментальный
1152	#Экспериментальныйпсихологи
1153	#психологаЭкспериментальный
1154	#Экспериментальныйпсихолога
1155	#психологовЭкспериментальный
1156	#Экспериментальныйпсихологов
1157	#психологуЭкспериментальный
1158	#Экспериментальныйпсихологу
1159	#психологамЭкспериментальный
1160	#Экспериментальныйпсихологам
1161	#психологомЭкспериментальный
1162	#Экспериментальныйпсихологом
1163	#психологамиЭкспериментальный
1164	#Экспериментальныйпсихологами
1165	#психологеЭкспериментальный
1166	#Экспериментальныйпсихологе
1167	#психологахЭкспериментальный
1168	#Экспериментальныйпсихологах
1169	#врачЭкспериментальный
1170	#Экспериментальныйврач
1171	#психЭкспериментальный
1172	#Экспериментальныйпсих
1173	#ФрейдЭкспериментальный
1174	#ЭкспериментальныйФрейд
1175	#сурдопсихологЭкспериментальный
1176	#Экспериментальныйсурдопсихолог
1177	#реактологЭкспериментальный
1178	#Экспериментальныйреактолог
1179	#олигофренопсихологЭкспериментальный
1180	#Экспериментальныйолигофренопсихолог
1181	#логопсихологЭкспериментальный
1182	#Экспериментальныйлогопсихолог
1183	#лингвопсихологЭкспериментальный
1184	#Экспериментальныйлингвопсихолог
1185	#психолухЭкспериментальный
1186	#Экспериментальныйпсихолух
1187	#зоопсихологЭкспериментальный
1188	#Экспериментальныйзоопсихолог
1189	#социопсихологЭкспериментальный
1190	#Экспериментальныйсоциопсихолог
1191	#онкопсихологЭкспериментальный
1192	#Экспериментальныйонкопсихолог
1193	#гештальтпсихологЭкспериментальный
1194	#Экспериментальныйгештальтпсихолог
1195	#астропсихологЭкспериментальный
1196	#Экспериментальныйастропсихолог
1197	#сердцеведецЭкспериментальный
1198	#Экспериментальныйсердцеведец
1199	#сердцеведЭкспериментальный
1200	#Экспериментальныйсердцевед
1201	#космопсихологЭкспериментальный
1202	#Экспериментальныйкосмопсихолог
1203	#наркопсихологЭкспериментальный
1204	#Экспериментальныйнаркопсихолог
1205	#бизнес-психологЭкспериментальный
1206	#Экспериментальныйбизнес-психолог
1207	#физиономистЭкспериментальный
1208	#Экспериментальныйфизиономист
1209	#психолог-эргономистЭкспериментальный
1210	#Экспериментальныйпсихолог-эргономист
1211	#психолог-криминалистЭкспериментальный
1212	#Экспериментальныйпсихолог-криминалист
1213	#психолог-экспериментаторЭкспериментальный
1214	#Экспериментальныйпсихолог-экспериментатор
1215	#психолог-практикЭкспериментальный
1216	#Экспериментальныйпсихолог-практик
1217	#психолог-позитивистЭкспериментальный
1218	#Экспериментальныйпсихолог-позитивист
1219	#физиономисткаЭкспериментальный
1220	#Экспериментальныйфизиономистка
1221	#психолог-консультантЭкспериментальный
1222	#Экспериментальныйпсихолог-консультант
1223	#психолог-дефектологЭкспериментальный
1224	#Экспериментальныйпсихолог-дефектолог
1225	#этнопсихологЭкспериментальный
1226	#Экспериментальныйэтнопсихолог
1227	#сердцеведкаЭкспериментальный
1228	#Экспериментальныйсердцеведка
1229	#тифлопсихологЭкспериментальный
1230	#Экспериментальныйтифлопсихолог
1231	#психологПрактический
1232	#Практическийпсихолог
1233	#психологиПрактический
1234	#Практическийпсихологи
1235	#психологаПрактический
1236	#Практическийпсихолога
1237	#психологовПрактический
1238	#Практическийпсихологов
1239	#психологуПрактический
1240	#Практическийпсихологу
1241	#психологамПрактический
1242	#Практическийпсихологам
1243	#психологомПрактический
1244	#Практическийпсихологом
1245	#психологамиПрактический
1246	#Практическийпсихологами
1247	#психологеПрактический
1248	#Практическийпсихологе
1249	#психологахПрактический
1250	#Практическийпсихологах
1251	#врачПрактический
1252	#Практическийврач
1253	#психПрактический
1254	#Практическийпсих
1255	#ФрейдПрактический
1256	#ПрактическийФрейд
1257	#сурдопсихологПрактический
1258	#Практическийсурдопсихолог
1259	#реактологПрактический
1260	#Практическийреактолог
1261	#олигофренопсихологПрактический
1262	#Практическийолигофренопсихолог
1263	#логопсихологПрактический
1264	#Практическийлогопсихолог
1265	#лингвопсихологПрактический
1266	#Практическийлингвопсихолог
1267	#психолухПрактический
1268	#Практическийпсихолух
1269	#зоопсихологПрактический
1270	#Практическийзоопсихолог
1271	#социопсихологПрактический
1272	#Практическийсоциопсихолог
1273	#онкопсихологПрактический
1274	#Практическийонкопсихолог
1275	#гештальтпсихологПрактический
1276	#Практическийгештальтпсихолог
1277	#астропсихологПрактический
1278	#Практическийастропсихолог
1279	#сердцеведецПрактический
1280	#Практическийсердцеведец
1281	#сердцеведПрактический
1282	#Практическийсердцевед
1283	#космопсихологПрактический
1284	#Практическийкосмопсихолог
1285	#наркопсихологПрактический
1286	#Практическийнаркопсихолог
1287	#бизнес-психологПрактический
1288	#Практическийбизнес-психолог
1289	#физиономистПрактический
1290	#Практическийфизиономист
1291	#психолог-эргономистПрактический
1292	#Практическийпсихолог-эргономист
1293	#психолог-криминалистПрактический
1294	#Практическийпсихолог-криминалист
1295	#психолог-экспериментаторПрактический
1296	#Практическийпсихолог-экспериментатор
1297	#психолог-практикПрактический
1298	#Практическийпсихолог-практик
1299	#психолог-позитивистПрактический
1300	#Практическийпсихолог-позитивист
1301	#физиономисткаПрактический
1302	#Практическийфизиономистка
1303	#психолог-консультантПрактический
1304	#Практическийпсихолог-консультант
1305	#психолог-дефектологПрактический
1306	#Практическийпсихолог-дефектолог
1307	#этнопсихологПрактический
1308	#Практическийэтнопсихолог
1309	#сердцеведкаПрактический
1310	#Практическийсердцеведка
1311	#тифлопсихологПрактический
1312	#Практическийтифлопсихолог
1313	#психологПодсознательный
1314	#Подсознательныйпсихолог
1315	#психологиПодсознательный
1316	#Подсознательныйпсихологи
1317	#психологаПодсознательный
1318	#Подсознательныйпсихолога
1319	#психологовПодсознательный
1320	#Подсознательныйпсихологов
1321	#психологуПодсознательный
1322	#Подсознательныйпсихологу
1323	#психологамПодсознательный
1324	#Подсознательныйпсихологам
1325	#психологомПодсознательный
1326	#Подсознательныйпсихологом
1327	#психологамиПодсознательный
1328	#Подсознательныйпсихологами
1329	#психологеПодсознательный
1330	#Подсознательныйпсихологе
1331	#психологахПодсознательный
1332	#Подсознательныйпсихологах
1333	#врачПодсознательный
1334	#Подсознательныйврач
1335	#психПодсознательный
1336	#Подсознательныйпсих
1337	#ФрейдПодсознательный
1338	#ПодсознательныйФрейд
1339	#сурдопсихологПодсознательный
1340	#Подсознательныйсурдопсихолог
1341	#реактологПодсознательный
1342	#Подсознательныйреактолог
1343	#олигофренопсихологПодсознательный
1344	#Подсознательныйолигофренопсихолог
1345	#логопсихологПодсознательный
1346	#Подсознательныйлогопсихолог
1347	#лингвопсихологПодсознательный
1348	#Подсознательныйлингвопсихолог
1349	#психолухПодсознательный
1350	#Подсознательныйпсихолух
1351	#зоопсихологПодсознательный
1352	#Подсознательныйзоопсихолог
1353	#социопсихологПодсознательный
1354	#Подсознательныйсоциопсихолог
1355	#онкопсихологПодсознательный
1356	#Подсознательныйонкопсихолог
1357	#гештальтпсихологПодсознательный
1358	#Подсознательныйгештальтпсихолог
1359	#астропсихологПодсознательный
1360	#Подсознательныйастропсихолог
1361	#сердцеведецПодсознательный
1362	#Подсознательныйсердцеведец
1363	#сердцеведПодсознательный
1364	#Подсознательныйсердцевед
1365	#космопсихологПодсознательный
1366	#Подсознательныйкосмопсихолог
1367	#наркопсихологПодсознательный
1368	#Подсознательныйнаркопсихолог
1369	#бизнес-психологПодсознательный
1370	#Подсознательныйбизнес-психолог
1371	#физиономистПодсознательный
1372	#Подсознательныйфизиономист
1373	#психолог-эргономистПодсознательный
1374	#Подсознательныйпсихолог-эргономист
1375	#психолог-криминалистПодсознательный
1376	#Подсознательныйпсихолог-криминалист
1377	#психолог-экспериментаторПодсознательный
1378	#Подсознательныйпсихолог-экспериментатор
1379	#психолог-практикПодсознательный
1380	#Подсознательныйпсихолог-практик
1381	#психолог-позитивистПодсознательный
1382	#Подсознательныйпсихолог-позитивист
1383	#физиономисткаПодсознательный
1384	#Подсознательныйфизиономистка
1385	#психолог-консультантПодсознательный
1386	#Подсознательныйпсихолог-консультант
1387	#психолог-дефектологПодсознательный
1388	#Подсознательныйпсихолог-дефектолог
1389	#этнопсихологПодсознательный
1390	#Подсознательныйэтнопсихолог
1391	#сердцеведкаПодсознательный
1392	#Подсознательныйсердцеведка
1393	#тифлопсихологПодсознательный
1394	#Подсознательныйтифлопсихолог
1395	#психологБессознательный
1396	#Бессознательныйпсихолог
1397	#психологиБессознательный
1398	#Бессознательныйпсихологи
1399	#психологаБессознательный
1400	#Бессознательныйпсихолога
1401	#психологовБессознательный
1402	#Бессознательныйпсихологов
1403	#психологуБессознательный
1404	#Бессознательныйпсихологу
1405	#психологамБессознательный
1406	#Бессознательныйпсихологам
1407	#психологомБессознательный
1408	#Бессознательныйпсихологом
1409	#психологамиБессознательный
1410	#Бессознательныйпсихологами
1411	#психологеБессознательный
1412	#Бессознательныйпсихологе
1413	#психологахБессознательный
1414	#Бессознательныйпсихологах
1415	#врачБессознательный
1416	#Бессознательныйврач
1417	#психБессознательный
1418	#Бессознательныйпсих
1419	#ФрейдБессознательный
1420	#БессознательныйФрейд
1421	#сурдопсихологБессознательный
1422	#Бессознательныйсурдопсихолог
1423	#реактологБессознательный
1424	#Бессознательныйреактолог
1425	#олигофренопсихологБессознательный
1426	#Бессознательныйолигофренопсихолог
1427	#логопсихологБессознательный
1428	#Бессознательныйлогопсихолог
1429	#лингвопсихологБессознательный
1430	#Бессознательныйлингвопсихолог
1431	#психолухБессознательный
1432	#Бессознательныйпсихолух
1433	#зоопсихологБессознательный
1434	#Бессознательныйзоопсихолог
1435	#социопсихологБессознательный
1436	#Бессознательныйсоциопсихолог
1437	#онкопсихологБессознательный
1438	#Бессознательныйонкопсихолог
1439	#гештальтпсихологБессознательный
1440	#Бессознательныйгештальтпсихолог
1441	#астропсихологБессознательный
1442	#Бессознательныйастропсихолог
1443	#сердцеведецБессознательный
1444	#Бессознательныйсердцеведец
1445	#сердцеведБессознательный
1446	#Бессознательныйсердцевед
1447	#космопсихологБессознательный
1448	#Бессознательныйкосмопсихолог
1449	#наркопсихологБессознательный
1450	#Бессознательныйнаркопсихолог
1451	#бизнес-психологБессознательный
1452	#Бессознательныйбизнес-психолог
1453	#физиономистБессознательный
1454	#Бессознательныйфизиономист
1455	#психолог-эргономистБессознательный
1456	#Бессознательныйпсихолог-эргономист
1457	#психолог-криминалистБессознательный
1458	#Бессознательныйпсихолог-криминалист
1459	#психолог-экспериментаторБессознательный
1460	#Бессознательныйпсихолог-экспериментатор
1461	#психолог-практикБессознательный
1462	#Бессознательныйпсихолог-практик
1463	#психолог-позитивистБессознательный
1464	#Бессознательныйпсихолог-позитивист
1465	#физиономисткаБессознательный
1466	#Бессознательныйфизиономистка
1467	#психолог-консультантБессознательный
1468	#Бессознательныйпсихолог-консультант
1469	#психолог-дефектологБессознательный
1470	#Бессознательныйпсихолог-дефектолог
1471	#этнопсихологБессознательный
1472	#Бессознательныйэтнопсихолог
1473	#сердцеведкаБессознательный
1474	#Бессознательныйсердцеведка
1475	#тифлопсихологБессознательный
1476	#Бессознательныйтифлопсихолог
1477	#психологПедагогический
1478	#Педагогическийпсихолог
1479	#психологиПедагогический
1480	#Педагогическийпсихологи
1481	#психологаПедагогический
1482	#Педагогическийпсихолога
1483	#психологовПедагогический
1484	#Педагогическийпсихологов
1485	#психологуПедагогический
1486	#Педагогическийпсихологу
1487	#психологамПедагогический
1488	#Педагогическийпсихологам
1489	#психологомПедагогический
1490	#Педагогическийпсихологом
1491	#психологамиПедагогический
1492	#Педагогическийпсихологами
1493	#психологеПедагогический
1494	#Педагогическийпсихологе
1495	#психологахПедагогический
1496	#Педагогическийпсихологах
1497	#врачПедагогический
1498	#Педагогическийврач
1499	#психПедагогический
1500	#Педагогическийпсих
1501	#ФрейдПедагогический
1502	#ПедагогическийФрейд
1503	#сурдопсихологПедагогический
1504	#Педагогическийсурдопсихолог
1505	#реактологПедагогический
1506	#Педагогическийреактолог
1507	#олигофренопсихологПедагогический
1508	#Педагогическийолигофренопсихолог
1509	#логопсихологПедагогический
1510	#Педагогическийлогопсихолог
1511	#лингвопсихологПедагогический
1512	#Педагогическийлингвопсихолог
1513	#психолухПедагогический
1514	#Педагогическийпсихолух
1515	#зоопсихологПедагогический
1516	#Педагогическийзоопсихолог
1517	#социопсихологПедагогический
1518	#Педагогическийсоциопсихолог
1519	#онкопсихологПедагогический
1520	#Педагогическийонкопсихолог
1521	#гештальтпсихологПедагогический
1522	#Педагогическийгештальтпсихолог
1523	#астропсихологПедагогический
1524	#Педагогическийастропсихолог
1525	#сердцеведецПедагогический
1526	#Педагогическийсердцеведец
1527	#сердцеведПедагогический
1528	#Педагогическийсердцевед
1529	#космопсихологПедагогический
1530	#Педагогическийкосмопсихолог
1531	#наркопсихологПедагогический
1532	#Педагогическийнаркопсихолог
1533	#бизнес-психологПедагогический
1534	#Педагогическийбизнес-психолог
1535	#физиономистПедагогический
1536	#Педагогическийфизиономист
1537	#психолог-эргономистПедагогический
1538	#Педагогическийпсихолог-эргономист
1539	#психолог-криминалистПедагогический
1540	#Педагогическийпсихолог-криминалист
1541	#психолог-экспериментаторПедагогический
1542	#Педагогическийпсихолог-экспериментатор
1543	#психолог-практикПедагогический
1544	#Педагогическийпсихолог-практик
1545	#психолог-позитивистПедагогический
1546	#Педагогическийпсихолог-позитивист
1547	#физиономисткаПедагогический
1548	#Педагогическийфизиономистка
1549	#психолог-консультантПедагогический
1550	#Педагогическийпсихолог-консультант
1551	#психолог-дефектологПедагогический
1552	#Педагогическийпсихолог-дефектолог
1553	#этнопсихологПедагогический
1554	#Педагогическийэтнопсихолог
1555	#сердцеведкаПедагогический
1556	#Педагогическийсердцеведка
1557	#тифлопсихологПедагогический
1558	#Педагогическийтифлопсихолог
1559	#психологОпытный
1560	#Опытныйпсихолог
1561	#психологиОпытный
1562	#Опытныйпсихологи
1563	#психологаОпытный
1564	#Опытныйпсихолога
1565	#психологовОпытный
1566	#Опытныйпсихологов
1567	#психологуОпытный
1568	#Опытныйпсихологу
1569	#психологамОпытный
1570	#Опытныйпсихологам
1571	#психологомОпытный
1572	#Опытныйпсихологом
1573	#психологамиОпытный
1574	#Опытныйпсихологами
1575	#психологеОпытный
1576	#Опытныйпсихологе
1577	#психологахОпытный
1578	#Опытныйпсихологах
1579	#врачОпытный
1580	#Опытныйврач
1581	#психОпытный
1582	#Опытныйпсих
1583	#ФрейдОпытный
1584	#ОпытныйФрейд
1585	#сурдопсихологОпытный
1586	#Опытныйсурдопсихолог
1587	#реактологОпытный
1588	#Опытныйреактолог
1589	#олигофренопсихологОпытный
1590	#Опытныйолигофренопсихолог
1591	#логопсихологОпытный
1592	#Опытныйлогопсихолог
1593	#лингвопсихологОпытный
1594	#Опытныйлингвопсихолог
1595	#психолухОпытный
1596	#Опытныйпсихолух
1597	#зоопсихологОпытный
1598	#Опытныйзоопсихолог
1599	#социопсихологОпытный
1600	#Опытныйсоциопсихолог
1601	#онкопсихологОпытный
1602	#Опытныйонкопсихолог
1603	#гештальтпсихологОпытный
1604	#Опытныйгештальтпсихолог
1605	#астропсихологОпытный
1606	#Опытныйастропсихолог
1607	#сердцеведецОпытный
1608	#Опытныйсердцеведец
1609	#сердцеведОпытный
1610	#Опытныйсердцевед
1611	#космопсихологОпытный
1612	#Опытныйкосмопсихолог
1613	#наркопсихологОпытный
1614	#Опытныйнаркопсихолог
1615	#бизнес-психологОпытный
1616	#Опытныйбизнес-психолог
1617	#физиономистОпытный
1618	#Опытныйфизиономист
1619	#психолог-эргономистОпытный
1620	#Опытныйпсихолог-эргономист
1621	#психолог-криминалистОпытный
1622	#Опытныйпсихолог-криминалист
1623	#психолог-экспериментаторОпытный
1624	#Опытныйпсихолог-экспериментатор
1625	#психолог-практикОпытный
1626	#Опытныйпсихолог-практик
1627	#психолог-позитивистОпытный
1628	#Опытныйпсихолог-позитивист
1629	#физиономисткаОпытный
1630	#Опытныйфизиономистка
1631	#психолог-консультантОпытный
1632	#Опытныйпсихолог-консультант
1633	#психолог-дефектологОпытный
1634	#Опытныйпсихолог-дефектолог
1635	#этнопсихологОпытный
1636	#Опытныйэтнопсихолог
1637	#сердцеведкаОпытный
1638	#Опытныйсердцеведка
1639	#тифлопсихологОпытный
1640	#Опытныйтифлопсихолог
1641	#психологНезаурядный
1642	#Незаурядныйпсихолог
1643	#психологиНезаурядный
1644	#Незаурядныйпсихологи
1645	#психологаНезаурядный
1646	#Незаурядныйпсихолога
1647	#психологовНезаурядный
1648	#Незаурядныйпсихологов
1649	#психологуНезаурядный
1650	#Незаурядныйпсихологу
1651	#психологамНезаурядный
1652	#Незаурядныйпсихологам
1653	#психологомНезаурядный
1654	#Незаурядныйпсихологом
1655	#психологамиНезаурядный
1656	#Незаурядныйпсихологами
1657	#психологеНезаурядный
1658	#Незаурядныйпсихологе
1659	#психологахНезаурядный
1660	#Незаурядныйпсихологах
1661	#врачНезаурядный
1662	#Незаурядныйврач
1663	#психНезаурядный
1664	#Незаурядныйпсих
1665	#ФрейдНезаурядный
1666	#НезаурядныйФрейд
1667	#сурдопсихологНезаурядный
1668	#Незаурядныйсурдопсихолог
1669	#реактологНезаурядный
1670	#Незаурядныйреактолог
1671	#олигофренопсихологНезаурядный
1672	#Незаурядныйолигофренопсихолог
1673	#логопсихологНезаурядный
1674	#Незаурядныйлогопсихолог
1675	#лингвопсихологНезаурядный
1676	#Незаурядныйлингвопсихолог
1677	#психолухНезаурядный
1678	#Незаурядныйпсихолух
1679	#зоопсихологНезаурядный
1680	#Незаурядныйзоопсихолог
1681	#социопсихологНезаурядный
1682	#Незаурядныйсоциопсихолог
1683	#онкопсихологНезаурядный
1684	#Незаурядныйонкопсихолог
1685	#гештальтпсихологНезаурядный
1686	#Незаурядныйгештальтпсихолог
1687	#астропсихологНезаурядный
1688	#Незаурядныйастропсихолог
1689	#сердцеведецНезаурядный
1690	#Незаурядныйсердцеведец
1691	#сердцеведНезаурядный
1692	#Незаурядныйсердцевед
1693	#космопсихологНезаурядный
1694	#Незаурядныйкосмопсихолог
1695	#наркопсихологНезаурядный
1696	#Незаурядныйнаркопсихолог
1697	#бизнес-психологНезаурядный
1698	#Незаурядныйбизнес-психолог
1699	#физиономистНезаурядный
1700	#Незаурядныйфизиономист
1701	#психолог-эргономистНезаурядный
1702	#Незаурядныйпсихолог-эргономист
1703	#психолог-криминалистНезаурядный
1704	#Незаурядныйпсихолог-криминалист
1705	#психолог-экспериментаторНезаурядный
1706	#Незаурядныйпсихолог-экспериментатор
1707	#психолог-практикНезаурядный
1708	#Незаурядныйпсихолог-практик
1709	#психолог-позитивистНезаурядный
1710	#Незаурядныйпсихолог-позитивист
1711	#физиономисткаНезаурядный
1712	#Незаурядныйфизиономистка
1713	#психолог-консультантНезаурядный
1714	#Незаурядныйпсихолог-консультант
1715	#психолог-дефектологНезаурядный
1716	#Незаурядныйпсихолог-дефектолог
1717	#этнопсихологНезаурядный
1718	#Незаурядныйэтнопсихолог
1719	#сердцеведкаНезаурядный
1720	#Незаурядныйсердцеведка
1721	#тифлопсихологНезаурядный
1722	#Незаурядныйтифлопсихолог
1723	#психологАмериканский
1724	#Американскийпсихолог
1725	#психологиАмериканский
1726	#Американскийпсихологи
1727	#психологаАмериканский
1728	#Американскийпсихолога
1729	#психологовАмериканский
1730	#Американскийпсихологов
1731	#психологуАмериканский
1732	#Американскийпсихологу
1733	#психологамАмериканский
1734	#Американскийпсихологам
1735	#психологомАмериканский
1736	#Американскийпсихологом
1737	#психологамиАмериканский
1738	#Американскийпсихологами
1739	#психологеАмериканский
1740	#Американскийпсихологе
1741	#психологахАмериканский
1742	#Американскийпсихологах
1743	#врачАмериканский
1744	#Американскийврач
1745	#психАмериканский
1746	#Американскийпсих
1747	#ФрейдАмериканский
1748	#АмериканскийФрейд
1749	#сурдопсихологАмериканский
1750	#Американскийсурдопсихолог
1751	#реактологАмериканский
1752	#Американскийреактолог
1753	#олигофренопсихологАмериканский
1754	#Американскийолигофренопсихолог
1755	#логопсихологАмериканский
1756	#Американскийлогопсихолог
1757	#лингвопсихологАмериканский
1758	#Американскийлингвопсихолог
1759	#психолухАмериканский
1760	#Американскийпсихолух
1761	#зоопсихологАмериканский
1762	#Американскийзоопсихолог
1763	#социопсихологАмериканский
1764	#Американскийсоциопсихолог
1765	#онкопсихологАмериканский
1766	#Американскийонкопсихолог
1767	#гештальтпсихологАмериканский
1768	#Американскийгештальтпсихолог
1769	#астропсихологАмериканский
1770	#Американскийастропсихолог
1771	#сердцеведецАмериканский
1772	#Американскийсердцеведец
1773	#сердцеведАмериканский
1774	#Американскийсердцевед
1775	#космопсихологАмериканский
1776	#Американскийкосмопсихолог
1777	#наркопсихологАмериканский
1778	#Американскийнаркопсихолог
1779	#бизнес-психологАмериканский
1780	#Американскийбизнес-психолог
1781	#физиономистАмериканский
1782	#Американскийфизиономист
1783	#психолог-эргономистАмериканский
1784	#Американскийпсихолог-эргономист
1785	#психолог-криминалистАмериканский
1786	#Американскийпсихолог-криминалист
1787	#психолог-экспериментаторАмериканский
1788	#Американскийпсихолог-экспериментатор
1789	#психолог-практикАмериканский
1790	#Американскийпсихолог-практик
1791	#психолог-позитивистАмериканский
1792	#Американскийпсихолог-позитивист
1793	#физиономисткаАмериканский
1794	#Американскийфизиономистка
1795	#психолог-консультантАмериканский
1796	#Американскийпсихолог-консультант
1797	#психолог-дефектологАмериканский
1798	#Американскийпсихолог-дефектолог
1799	#этнопсихологАмериканский
1800	#Американскийэтнопсихолог
1801	#сердцеведкаАмериканский
1802	#Американскийсердцеведка
1803	#тифлопсихологАмериканский
1804	#Американскийтифлопсихолог
1805	#психологФизиологический
1806	#Физиологическийпсихолог
1807	#психологиФизиологический
1808	#Физиологическийпсихологи
1809	#психологаФизиологический
1810	#Физиологическийпсихолога
1811	#психологовФизиологический
1812	#Физиологическийпсихологов
1813	#психологуФизиологический
1814	#Физиологическийпсихологу
1815	#психологамФизиологический
1816	#Физиологическийпсихологам
1817	#психологомФизиологический
1818	#Физиологическийпсихологом
1819	#психологамиФизиологический
1820	#Физиологическийпсихологами
1821	#психологеФизиологический
1822	#Физиологическийпсихологе
1823	#психологахФизиологический
1824	#Физиологическийпсихологах
1825	#врачФизиологический
1826	#Физиологическийврач
1827	#психФизиологический
1828	#Физиологическийпсих
1829	#ФрейдФизиологический
1830	#ФизиологическийФрейд
1831	#сурдопсихологФизиологический
1832	#Физиологическийсурдопсихолог
1833	#реактологФизиологический
1834	#Физиологическийреактолог
1835	#олигофренопсихологФизиологический
1836	#Физиологическийолигофренопсихолог
1837	#логопсихологФизиологический
1838	#Физиологическийлогопсихолог
1839	#лингвопсихологФизиологический
1840	#Физиологическийлингвопсихолог
1841	#психолухФизиологический
1842	#Физиологическийпсихолух
1843	#зоопсихологФизиологический
1844	#Физиологическийзоопсихолог
1845	#социопсихологФизиологический
1846	#Физиологическийсоциопсихолог
1847	#онкопсихологФизиологический
1848	#Физиологическийонкопсихолог
1849	#гештальтпсихологФизиологический
1850	#Физиологическийгештальтпсихолог
1851	#астропсихологФизиологический
1852	#Физиологическийастропсихолог
1853	#сердцеведецФизиологический
1854	#Физиологическийсердцеведец
1855	#сердцеведФизиологический
1856	#Физиологическийсердцевед
1857	#космопсихологФизиологический
1858	#Физиологическийкосмопсихолог
1859	#наркопсихологФизиологический
1860	#Физиологическийнаркопсихолог
1861	#бизнес-психологФизиологический
1862	#Физиологическийбизнес-психолог
1863	#физиономистФизиологический
1864	#Физиологическийфизиономист
1865	#психолог-эргономистФизиологический
1866	#Физиологическийпсихолог-эргономист
1867	#психолог-криминалистФизиологический
1868	#Физиологическийпсихолог-криминалист
1869	#психолог-экспериментаторФизиологический
1870	#Физиологическийпсихолог-экспериментатор
1871	#психолог-практикФизиологический
1872	#Физиологическийпсихолог-практик
1873	#психолог-позитивистФизиологический
1874	#Физиологическийпсихолог-позитивист
1875	#физиономисткаФизиологический
1876	#Физиологическийфизиономистка
1877	#психолог-консультантФизиологический
1878	#Физиологическийпсихолог-консультант
1879	#психолог-дефектологФизиологический
1880	#Физиологическийпсихолог-дефектолог
1881	#этнопсихологФизиологический
1882	#Физиологическийэтнопсихолог
1883	#сердцеведкаФизиологический
1884	#Физиологическийсердцеведка
1885	#тифлопсихологФизиологический
1886	#Физиологическийтифлопсихолог
1887	#психологПодростковый
1888	#Подростковыйпсихолог
1889	#психологиПодростковый
1890	#Подростковыйпсихологи
1891	#психологаПодростковый
1892	#Подростковыйпсихолога
1893	#психологовПодростковый
1894	#Подростковыйпсихологов
1895	#психологуПодростковый
1896	#Подростковыйпсихологу
1897	#психологамПодростковый
1898	#Подростковыйпсихологам
1899	#психологомПодростковый
1900	#Подростковыйпсихологом
1901	#психологамиПодростковый
1902	#Подростковыйпсихологами
1903	#психологеПодростковый
1904	#Подростковыйпсихологе
1905	#психологахПодростковый
1906	#Подростковыйпсихологах
1907	#врачПодростковый
1908	#Подростковыйврач
1909	#психПодростковый
1910	#Подростковыйпсих
1911	#ФрейдПодростковый
1912	#ПодростковыйФрейд
1913	#сурдопсихологПодростковый
1914	#Подростковыйсурдопсихолог
1915	#реактологПодростковый
1916	#Подростковыйреактолог
1917	#олигофренопсихологПодростковый
1918	#Подростковыйолигофренопсихолог
1919	#логопсихологПодростковый
1920	#Подростковыйлогопсихолог
1921	#лингвопсихологПодростковый
1922	#Подростковыйлингвопсихолог
1923	#психолухПодростковый
1924	#Подростковыйпсихолух
1925	#зоопсихологПодростковый
1926	#Подростковыйзоопсихолог
1927	#социопсихологПодростковый
1928	#Подростковыйсоциопсихолог
1929	#онкопсихологПодростковый
1930	#Подростковыйонкопсихолог
1931	#гештальтпсихологПодростковый
1932	#Подростковыйгештальтпсихолог
1933	#астропсихологПодростковый
1934	#Подростковыйастропсихолог
1935	#сердцеведецПодростковый
1936	#Подростковыйсердцеведец
1937	#сердцеведПодростковый
1938	#Подростковыйсердцевед
1939	#космопсихологПодростковый
1940	#Подростковыйкосмопсихолог
1941	#наркопсихологПодростковый
1942	#Подростковыйнаркопсихолог
1943	#бизнес-психологПодростковый
1944	#Подростковыйбизнес-психолог
1945	#физиономистПодростковый
1946	#Подростковыйфизиономист
1947	#психолог-эргономистПодростковый
1948	#Подростковыйпсихолог-эргономист
1949	#психолог-криминалистПодростковый
1950	#Подростковыйпсихолог-криминалист
1951	#психолог-экспериментаторПодростковый
1952	#Подростковыйпсихолог-экспериментатор
1953	#психолог-практикПодростковый
1954	#Подростковыйпсихолог-практик
1955	#психолог-позитивистПодростковый
1956	#Подростковыйпсихолог-позитивист
1957	#физиономисткаПодростковый
1958	#Подростковыйфизиономистка
1959	#психолог-консультантПодростковый
1960	#Подростковыйпсихолог-консультант
1961	#психолог-дефектологПодростковый
1962	#Подростковыйпсихолог-дефектолог
1963	#этнопсихологПодростковый
1964	#Подростковыйэтнопсихолог
1965	#сердцеведкаПодростковый
1966	#Подростковыйсердцеведка
1967	#тифлопсихологПодростковый
1968	#Подростковыйтифлопсихолог
1969	#психологЭволюционный
1970	#Эволюционныйпсихолог
1971	#психологиЭволюционный
1972	#Эволюционныйпсихологи
1973	#психологаЭволюционный
1974	#Эволюционныйпсихолога
1975	#психологовЭволюционный
1976	#Эволюционныйпсихологов
1977	#психологуЭволюционный
1978	#Эволюционныйпсихологу
1979	#психологамЭволюционный
1980	#Эволюционныйпсихологам
1981	#психологомЭволюционный
1982	#Эволюционныйпсихологом
1983	#психологамиЭволюционный
1984	#Эволюционныйпсихологами
1985	#психологеЭволюционный
1986	#Эволюционныйпсихологе
1987	#психологахЭволюционный
1988	#Эволюционныйпсихологах
1989	#врачЭволюционный
1990	#Эволюционныйврач
1991	#психЭволюционный
1992	#Эволюционныйпсих
1993	#ФрейдЭволюционный
1994	#ЭволюционныйФрейд
1995	#сурдопсихологЭволюционный
1996	#Эволюционныйсурдопсихолог
1997	#реактологЭволюционный
1998	#Эволюционныйреактолог
1999	#олигофренопсихологЭволюционный
2000	#Эволюционныйолигофренопсихолог
2001	#логопсихологЭволюционный
2002	#Эволюционныйлогопсихолог
2003	#лингвопсихологЭволюционный
2004	#Эволюционныйлингвопсихолог
2005	#психолухЭволюционный
2006	#Эволюционныйпсихолух
2007	#зоопсихологЭволюционный
2008	#Эволюционныйзоопсихолог
2009	#социопсихологЭволюционный
2010	#Эволюционныйсоциопсихолог
2011	#онкопсихологЭволюционный
2012	#Эволюционныйонкопсихолог
2013	#гештальтпсихологЭволюционный
2014	#Эволюционныйгештальтпсихолог
2015	#астропсихологЭволюционный
2016	#Эволюционныйастропсихолог
2017	#сердцеведецЭволюционный
2018	#Эволюционныйсердцеведец
2019	#сердцеведЭволюционный
2020	#Эволюционныйсердцевед
2021	#космопсихологЭволюционный
2022	#Эволюционныйкосмопсихолог
2023	#наркопсихологЭволюционный
2024	#Эволюционныйнаркопсихолог
2025	#бизнес-психологЭволюционный
2026	#Эволюционныйбизнес-психолог
2027	#физиономистЭволюционный
2028	#Эволюционныйфизиономист
2029	#психолог-эргономистЭволюционный
2030	#Эволюционныйпсихолог-эргономист
2031	#психолог-криминалистЭволюционный
2032	#Эволюционныйпсихолог-криминалист
2033	#психолог-экспериментаторЭволюционный
2034	#Эволюционныйпсихолог-экспериментатор
2035	#психолог-практикЭволюционный
2036	#Эволюционныйпсихолог-практик
2037	#психолог-позитивистЭволюционный
2038	#Эволюционныйпсихолог-позитивист
2039	#физиономисткаЭволюционный
2040	#Эволюционныйфизиономистка
2041	#психолог-консультантЭволюционный
2042	#Эволюционныйпсихолог-консультант
2043	#психолог-дефектологЭволюционный
2044	#Эволюционныйпсихолог-дефектолог
2045	#этнопсихологЭволюционный
2046	#Эволюционныйэтнопсихолог
2047	#сердцеведкаЭволюционный
2048	#Эволюционныйсердцеведка
2049	#тифлопсихологЭволюционный
2050	#Эволюционныйтифлопсихолог
2051	#психологДетский
2052	#Детскийпсихолог
2053	#психологиДетский
2054	#Детскийпсихологи
2055	#психологаДетский
2056	#Детскийпсихолога
2057	#психологовДетский
2058	#Детскийпсихологов
2059	#психологуДетский
2060	#Детскийпсихологу
2061	#психологамДетский
2062	#Детскийпсихологам
2063	#психологомДетский
2064	#Детскийпсихологом
2065	#психологамиДетский
2066	#Детскийпсихологами
2067	#психологеДетский
2068	#Детскийпсихологе
2069	#психологахДетский
2070	#Детскийпсихологах
2071	#врачДетский
2072	#Детскийврач
2073	#психДетский
2074	#Детскийпсих
2075	#ФрейдДетский
2076	#ДетскийФрейд
2077	#сурдопсихологДетский
2078	#Детскийсурдопсихолог
2079	#реактологДетский
2080	#Детскийреактолог
2081	#олигофренопсихологДетский
2082	#Детскийолигофренопсихолог
2083	#логопсихологДетский
2084	#Детскийлогопсихолог
2085	#лингвопсихологДетский
2086	#Детскийлингвопсихолог
2087	#психолухДетский
2088	#Детскийпсихолух
2089	#зоопсихологДетский
2090	#Детскийзоопсихолог
2091	#социопсихологДетский
2092	#Детскийсоциопсихолог
2093	#онкопсихологДетский
2094	#Детскийонкопсихолог
2095	#гештальтпсихологДетский
2096	#Детскийгештальтпсихолог
2097	#астропсихологДетский
2098	#Детскийастропсихолог
2099	#сердцеведецДетский
2100	#Детскийсердцеведец
2101	#сердцеведДетский
2102	#Детскийсердцевед
2103	#космопсихологДетский
2104	#Детскийкосмопсихолог
2105	#наркопсихологДетский
2106	#Детскийнаркопсихолог
2107	#бизнес-психологДетский
2108	#Детскийбизнес-психолог
2109	#физиономистДетский
2110	#Детскийфизиономист
2111	#психолог-эргономистДетский
2112	#Детскийпсихолог-эргономист
2113	#психолог-криминалистДетский
2114	#Детскийпсихолог-криминалист
2115	#психолог-экспериментаторДетский
2116	#Детскийпсихолог-экспериментатор
2117	#психолог-практикДетский
2118	#Детскийпсихолог-практик
2119	#психолог-позитивистДетский
2120	#Детскийпсихолог-позитивист
2121	#физиономисткаДетский
2122	#Детскийфизиономистка
2123	#психолог-консультантДетский
2124	#Детскийпсихолог-консультант
2125	#психолог-дефектологДетский
2126	#Детскийпсихолог-дефектолог
2127	#этнопсихологДетский
2128	#Детскийэтнопсихолог
2129	#сердцеведкаДетский
2130	#Детскийсердцеведка
2131	#тифлопсихологДетский
2132	#Детскийтифлопсихолог
2133	#психологГрупповой
2134	#Групповойпсихолог
2135	#психологиГрупповой
2136	#Групповойпсихологи
2137	#психологаГрупповой
2138	#Групповойпсихолога
2139	#психологовГрупповой
2140	#Групповойпсихологов
2141	#психологуГрупповой
2142	#Групповойпсихологу
2143	#психологамГрупповой
2144	#Групповойпсихологам
2145	#психологомГрупповой
2146	#Групповойпсихологом
2147	#психологамиГрупповой
2148	#Групповойпсихологами
2149	#психологеГрупповой
2150	#Групповойпсихологе
2151	#психологахГрупповой
2152	#Групповойпсихологах
2153	#врачГрупповой
2154	#Групповойврач
2155	#психГрупповой
2156	#Групповойпсих
2157	#ФрейдГрупповой
2158	#ГрупповойФрейд
2159	#сурдопсихологГрупповой
2160	#Групповойсурдопсихолог
2161	#реактологГрупповой
2162	#Групповойреактолог
2163	#олигофренопсихологГрупповой
2164	#Групповойолигофренопсихолог
2165	#логопсихологГрупповой
2166	#Групповойлогопсихолог
2167	#лингвопсихологГрупповой
2168	#Групповойлингвопсихолог
2169	#психолухГрупповой
2170	#Групповойпсихолух
2171	#зоопсихологГрупповой
2172	#Групповойзоопсихолог
2173	#социопсихологГрупповой
2174	#Групповойсоциопсихолог
2175	#онкопсихологГрупповой
2176	#Групповойонкопсихолог
2177	#гештальтпсихологГрупповой
2178	#Групповойгештальтпсихолог
2179	#астропсихологГрупповой
2180	#Групповойастропсихолог
2181	#сердцеведецГрупповой
2182	#Групповойсердцеведец
2183	#сердцеведГрупповой
2184	#Групповойсердцевед
2185	#космопсихологГрупповой
2186	#Групповойкосмопсихолог
2187	#наркопсихологГрупповой
2188	#Групповойнаркопсихолог
2189	#бизнес-психологГрупповой
2190	#Групповойбизнес-психолог
2191	#физиономистГрупповой
2192	#Групповойфизиономист
2193	#психолог-эргономистГрупповой
2194	#Групповойпсихолог-эргономист
2195	#психолог-криминалистГрупповой
2196	#Групповойпсихолог-криминалист
2197	#психолог-экспериментаторГрупповой
2198	#Групповойпсихолог-экспериментатор
2199	#психолог-практикГрупповой
2200	#Групповойпсихолог-практик
2201	#психолог-позитивистГрупповой
2202	#Групповойпсихолог-позитивист
2203	#физиономисткаГрупповой
2204	#Групповойфизиономистка
2205	#психолог-консультантГрупповой
2206	#Групповойпсихолог-консультант
2207	#психолог-дефектологГрупповой
2208	#Групповойпсихолог-дефектолог
2209	#этнопсихологГрупповой
2210	#Групповойэтнопсихолог
2211	#сердцеведкаГрупповой
2212	#Групповойсердцеведка
2213	#тифлопсихологГрупповой
2214	#Групповойтифлопсихолог
2215	#психологАвстрийский
2216	#Австрийскийпсихолог
2217	#психологиАвстрийский
2218	#Австрийскийпсихологи
2219	#психологаАвстрийский
2220	#Австрийскийпсихолога
2221	#психологовАвстрийский
2222	#Австрийскийпсихологов
2223	#психологуАвстрийский
2224	#Австрийскийпсихологу
2225	#психологамАвстрийский
2226	#Австрийскийпсихологам
2227	#психологомАвстрийский
2228	#Австрийскийпсихологом
2229	#психологамиАвстрийский
2230	#Австрийскийпсихологами
2231	#психологеАвстрийский
2232	#Австрийскийпсихологе
2233	#психологахАвстрийский
2234	#Австрийскийпсихологах
2235	#врачАвстрийский
2236	#Австрийскийврач
2237	#психАвстрийский
2238	#Австрийскийпсих
2239	#ФрейдАвстрийский
2240	#АвстрийскийФрейд
2241	#сурдопсихологАвстрийский
2242	#Австрийскийсурдопсихолог
2243	#реактологАвстрийский
2244	#Австрийскийреактолог
2245	#олигофренопсихологАвстрийский
2246	#Австрийскийолигофренопсихолог
2247	#логопсихологАвстрийский
2248	#Австрийскийлогопсихолог
2249	#лингвопсихологАвстрийский
2250	#Австрийскийлингвопсихолог
2251	#психолухАвстрийский
2252	#Австрийскийпсихолух
2253	#зоопсихологАвстрийский
2254	#Австрийскийзоопсихолог
2255	#социопсихологАвстрийский
2256	#Австрийскийсоциопсихолог
2257	#онкопсихологАвстрийский
2258	#Австрийскийонкопсихолог
2259	#гештальтпсихологАвстрийский
2260	#Австрийскийгештальтпсихолог
2261	#астропсихологАвстрийский
2262	#Австрийскийастропсихолог
2263	#сердцеведецАвстрийский
2264	#Австрийскийсердцеведец
2265	#сердцеведАвстрийский
2266	#Австрийскийсердцевед
2267	#космопсихологАвстрийский
2268	#Австрийскийкосмопсихолог
2269	#наркопсихологАвстрийский
2270	#Австрийскийнаркопсихолог
2271	#бизнес-психологАвстрийский
2272	#Австрийскийбизнес-психолог
2273	#физиономистАвстрийский
2274	#Австрийскийфизиономист
2275	#психолог-эргономистАвстрийский
2276	#Австрийскийпсихолог-эргономист
2277	#психолог-криминалистАвстрийский
2278	#Австрийскийпсихолог-криминалист
2279	#психолог-экспериментаторАвстрийский
2280	#Австрийскийпсихолог-экспериментатор
2281	#психолог-практикАвстрийский
2282	#Австрийскийпсихолог-практик
2283	#психолог-позитивистАвстрийский
2284	#Австрийскийпсихолог-позитивист
2285	#физиономисткаАвстрийский
2286	#Австрийскийфизиономистка
2287	#психолог-консультантАвстрийский
2288	#Австрийскийпсихолог-консультант
2289	#психолог-дефектологАвстрийский
2290	#Австрийскийпсихолог-дефектолог
2291	#этнопсихологАвстрийский
2292	#Австрийскийэтнопсихолог
2293	#сердцеведкаАвстрийский
2294	#Австрийскийсердцеведка
2295	#тифлопсихологАвстрийский
2296	#Австрийскийтифлопсихолог
2297	#психологПозитивный
2298	#Позитивныйпсихолог
2299	#психологиПозитивный
2300	#Позитивныйпсихологи
2301	#психологаПозитивный
2302	#Позитивныйпсихолога
2303	#психологовПозитивный
2304	#Позитивныйпсихологов
2305	#психологуПозитивный
2306	#Позитивныйпсихологу
2307	#психологамПозитивный
2308	#Позитивныйпсихологам
2309	#психологомПозитивный
2310	#Позитивныйпсихологом
2311	#психологамиПозитивный
2312	#Позитивныйпсихологами
2313	#психологеПозитивный
2314	#Позитивныйпсихологе
2315	#психологахПозитивный
2316	#Позитивныйпсихологах
2317	#врачПозитивный
2318	#Позитивныйврач
2319	#психПозитивный
2320	#Позитивныйпсих
2321	#ФрейдПозитивный
2322	#ПозитивныйФрейд
2323	#сурдопсихологПозитивный
2324	#Позитивныйсурдопсихолог
2325	#реактологПозитивный
2326	#Позитивныйреактолог
2327	#олигофренопсихологПозитивный
2328	#Позитивныйолигофренопсихолог
2329	#логопсихологПозитивный
2330	#Позитивныйлогопсихолог
2331	#лингвопсихологПозитивный
2332	#Позитивныйлингвопсихолог
2333	#психолухПозитивный
2334	#Позитивныйпсихолух
2335	#зоопсихологПозитивный
2336	#Позитивныйзоопсихолог
2337	#социопсихологПозитивный
2338	#Позитивныйсоциопсихолог
2339	#онкопсихологПозитивный
2340	#Позитивныйонкопсихолог
2341	#гештальтпсихологПозитивный
2342	#Позитивныйгештальтпсихолог
2343	#астропсихологПозитивный
2344	#Позитивныйастропсихолог
2345	#сердцеведецПозитивный
2346	#Позитивныйсердцеведец
2347	#сердцеведПозитивный
2348	#Позитивныйсердцевед
2349	#космопсихологПозитивный
2350	#Позитивныйкосмопсихолог
2351	#наркопсихологПозитивный
2352	#Позитивныйнаркопсихолог
2353	#бизнес-психологПозитивный
2354	#Позитивныйбизнес-психолог
2355	#физиономистПозитивный
2356	#Позитивныйфизиономист
2357	#психолог-эргономистПозитивный
2358	#Позитивныйпсихолог-эргономист
2359	#психолог-криминалистПозитивный
2360	#Позитивныйпсихолог-криминалист
2361	#психолог-экспериментаторПозитивный
2362	#Позитивныйпсихолог-экспериментатор
2363	#психолог-практикПозитивный
2364	#Позитивныйпсихолог-практик
2365	#психолог-позитивистПозитивный
2366	#Позитивныйпсихолог-позитивист
2367	#физиономисткаПозитивный
2368	#Позитивныйфизиономистка
2369	#психолог-консультантПозитивный
2370	#Позитивныйпсихолог-консультант
2371	#психолог-дефектологПозитивный
2372	#Позитивныйпсихолог-дефектолог
2373	#этнопсихологПозитивный
2374	#Позитивныйэтнопсихолог
2375	#сердцеведкаПозитивный
2376	#Позитивныйсердцеведка
2377	#тифлопсихологПозитивный
2378	#Позитивныйтифлопсихолог
2379	#психологВера
2380	#Верапсихолог
2381	#психологиВера
2382	#Верапсихологи
2383	#психологаВера
2384	#Верапсихолога
2385	#психологовВера
2386	#Верапсихологов
2387	#психологуВера
2388	#Верапсихологу
2389	#психологамВера
2390	#Верапсихологам
2391	#психологомВера
2392	#Верапсихологом
2393	#психологамиВера
2394	#Верапсихологами
2395	#психологеВера
2396	#Верапсихологе
2397	#психологахВера
2398	#Верапсихологах
2399	#врачВера
2400	#Вераврач
2401	#психВера
2402	#Верапсих
2403	#ФрейдВера
2404	#ВераФрейд
2405	#сурдопсихологВера
2406	#Верасурдопсихолог
2407	#реактологВера
2408	#Верареактолог
2409	#олигофренопсихологВера
2410	#Вераолигофренопсихолог
2411	#логопсихологВера
2412	#Вералогопсихолог
2413	#лингвопсихологВера
2414	#Вералингвопсихолог
2415	#психолухВера
2416	#Верапсихолух
2417	#зоопсихологВера
2418	#Веразоопсихолог
2419	#социопсихологВера
2420	#Верасоциопсихолог
2421	#онкопсихологВера
2422	#Вераонкопсихолог
2423	#гештальтпсихологВера
2424	#Верагештальтпсихолог
2425	#астропсихологВера
2426	#Вераастропсихолог
2427	#сердцеведецВера
2428	#Верасердцеведец
2429	#сердцеведВера
2430	#Верасердцевед
2431	#космопсихологВера
2432	#Веракосмопсихолог
2433	#наркопсихологВера
2434	#Веранаркопсихолог
2435	#бизнес-психологВера
2436	#Верабизнес-психолог
2437	#физиономистВера
2438	#Верафизиономист
2439	#психолог-эргономистВера
2440	#Верапсихолог-эргономист
2441	#психолог-криминалистВера
2442	#Верапсихолог-криминалист
2443	#психолог-экспериментаторВера
2444	#Верапсихолог-экспериментатор
2445	#психолог-практикВера
2446	#Верапсихолог-практик
2447	#психолог-позитивистВера
2448	#Верапсихолог-позитивист
2449	#физиономисткаВера
2450	#Верафизиономистка
2451	#психолог-консультантВера
2452	#Верапсихолог-консультант
2453	#психолог-дефектологВера
2454	#Верапсихолог-дефектолог
2455	#этнопсихологВера
2456	#Вераэтнопсихолог
2457	#сердцеведкаВера
2458	#Верасердцеведка
2459	#тифлопсихологВера
2460	#Вератифлопсихолог
2461	#психологДружба
2462	#Дружбапсихолог
2463	#психологиДружба
2464	#Дружбапсихологи
2465	#психологаДружба
2466	#Дружбапсихолога
2467	#психологовДружба
2468	#Дружбапсихологов
2469	#психологуДружба
2470	#Дружбапсихологу
2471	#психологамДружба
2472	#Дружбапсихологам
2473	#психологомДружба
2474	#Дружбапсихологом
2475	#психологамиДружба
2476	#Дружбапсихологами
2477	#психологеДружба
2478	#Дружбапсихологе
2479	#психологахДружба
2480	#Дружбапсихологах
2481	#врачДружба
2482	#Дружбаврач
2483	#психДружба
2484	#Дружбапсих
2485	#ФрейдДружба
2486	#ДружбаФрейд
2487	#сурдопсихологДружба
2488	#Дружбасурдопсихолог
2489	#реактологДружба
2490	#Дружбареактолог
2491	#олигофренопсихологДружба
2492	#Дружбаолигофренопсихолог
2493	#логопсихологДружба
2494	#Дружбалогопсихолог
2495	#лингвопсихологДружба
2496	#Дружбалингвопсихолог
2497	#психолухДружба
2498	#Дружбапсихолух
2499	#зоопсихологДружба
2500	#Дружбазоопсихолог
2501	#социопсихологДружба
2502	#Дружбасоциопсихолог
2503	#онкопсихологДружба
2504	#Дружбаонкопсихолог
2505	#гештальтпсихологДружба
2506	#Дружбагештальтпсихолог
2507	#астропсихологДружба
2508	#Дружбаастропсихолог
2509	#сердцеведецДружба
2510	#Дружбасердцеведец
2511	#сердцеведДружба
2512	#Дружбасердцевед
2513	#космопсихологДружба
2514	#Дружбакосмопсихолог
2515	#наркопсихологДружба
2516	#Дружбанаркопсихолог
2517	#бизнес-психологДружба
2518	#Дружбабизнес-психолог
2519	#физиономистДружба
2520	#Дружбафизиономист
2521	#психолог-эргономистДружба
2522	#Дружбапсихолог-эргономист
2523	#психолог-криминалистДружба
2524	#Дружбапсихолог-криминалист
2525	#психолог-экспериментаторДружба
2526	#Дружбапсихолог-экспериментатор
2527	#психолог-практикДружба
2528	#Дружбапсихолог-практик
2529	#психолог-позитивистДружба
2530	#Дружбапсихолог-позитивист
2531	#физиономисткаДружба
2532	#Дружбафизиономистка
2533	#психолог-консультантДружба
2534	#Дружбапсихолог-консультант
2535	#психолог-дефектологДружба
2536	#Дружбапсихолог-дефектолог
2537	#этнопсихологДружба
2538	#Дружбаэтнопсихолог
2539	#сердцеведкаДружба
2540	#Дружбасердцеведка
2541	#тифлопсихологДружба
2542	#Дружбатифлопсихолог
2543	#психологНадежда
2544	#Надеждапсихолог
2545	#психологиНадежда
2546	#Надеждапсихологи
2547	#психологаНадежда
2548	#Надеждапсихолога
2549	#психологовНадежда
2550	#Надеждапсихологов
2551	#психологуНадежда
2552	#Надеждапсихологу
2553	#психологамНадежда
2554	#Надеждапсихологам
2555	#психологомНадежда
2556	#Надеждапсихологом
2557	#психологамиНадежда
2558	#Надеждапсихологами
2559	#психологеНадежда
2560	#Надеждапсихологе
2561	#психологахНадежда
2562	#Надеждапсихологах
2563	#врачНадежда
2564	#Надеждаврач
2565	#психНадежда
2566	#Надеждапсих
2567	#ФрейдНадежда
2568	#НадеждаФрейд
2569	#сурдопсихологНадежда
2570	#Надеждасурдопсихолог
2571	#реактологНадежда
2572	#Надеждареактолог
2573	#олигофренопсихологНадежда
2574	#Надеждаолигофренопсихолог
2575	#логопсихологНадежда
2576	#Надеждалогопсихолог
2577	#лингвопсихологНадежда
2578	#Надеждалингвопсихолог
2579	#психолухНадежда
2580	#Надеждапсихолух
2581	#зоопсихологНадежда
2582	#Надеждазоопсихолог
2583	#социопсихологНадежда
2584	#Надеждасоциопсихолог
2585	#онкопсихологНадежда
2586	#Надеждаонкопсихолог
2587	#гештальтпсихологНадежда
2588	#Надеждагештальтпсихолог
2589	#астропсихологНадежда
2590	#Надеждаастропсихолог
2591	#сердцеведецНадежда
2592	#Надеждасердцеведец
2593	#сердцеведНадежда
2594	#Надеждасердцевед
2595	#космопсихологНадежда
2596	#Надеждакосмопсихолог
2597	#наркопсихологНадежда
2598	#Надежданаркопсихолог
2599	#бизнес-психологНадежда
2600	#Надеждабизнес-психолог
2601	#физиономистНадежда
2602	#Надеждафизиономист
2603	#психолог-эргономистНадежда
2604	#Надеждапсихолог-эргономист
2605	#психолог-криминалистНадежда
2606	#Надеждапсихолог-криминалист
2607	#психолог-экспериментаторНадежда
2608	#Надеждапсихолог-экспериментатор
2609	#психолог-практикНадежда
2610	#Надеждапсихолог-практик
2611	#психолог-позитивистНадежда
2612	#Надеждапсихолог-позитивист
2613	#физиономисткаНадежда
2614	#Надеждафизиономистка
2615	#психолог-консультантНадежда
2616	#Надеждапсихолог-консультант
2617	#психолог-дефектологНадежда
2618	#Надеждапсихолог-дефектолог
2619	#этнопсихологНадежда
2620	#Надеждаэтнопсихолог
2621	#сердцеведкаНадежда
2622	#Надеждасердцеведка
2623	#тифлопсихологНадежда
2624	#Надеждатифлопсихолог
2625	#психологПуть
2626	#Путьпсихолог
2627	#психологиПуть
2628	#Путьпсихологи
2629	#психологаПуть
2630	#Путьпсихолога
2631	#психологовПуть
2632	#Путьпсихологов
2633	#психологуПуть
2634	#Путьпсихологу
2635	#психологамПуть
2636	#Путьпсихологам
2637	#психологомПуть
2638	#Путьпсихологом
2639	#психологамиПуть
2640	#Путьпсихологами
2641	#психологеПуть
2642	#Путьпсихологе
2643	#психологахПуть
2644	#Путьпсихологах
2645	#врачПуть
2646	#Путьврач
2647	#психПуть
2648	#Путьпсих
2649	#ФрейдПуть
2650	#ПутьФрейд
2651	#сурдопсихологПуть
2652	#Путьсурдопсихолог
2653	#реактологПуть
2654	#Путьреактолог
2655	#олигофренопсихологПуть
2656	#Путьолигофренопсихолог
2657	#логопсихологПуть
2658	#Путьлогопсихолог
2659	#лингвопсихологПуть
2660	#Путьлингвопсихолог
2661	#психолухПуть
2662	#Путьпсихолух
2663	#зоопсихологПуть
2664	#Путьзоопсихолог
2665	#социопсихологПуть
2666	#Путьсоциопсихолог
2667	#онкопсихологПуть
2668	#Путьонкопсихолог
2669	#гештальтпсихологПуть
2670	#Путьгештальтпсихолог
2671	#астропсихологПуть
2672	#Путьастропсихолог
2673	#сердцеведецПуть
2674	#Путьсердцеведец
2675	#сердцеведПуть
2676	#Путьсердцевед
2677	#космопсихологПуть
2678	#Путькосмопсихолог
2679	#наркопсихологПуть
2680	#Путьнаркопсихолог
2681	#бизнес-психологПуть
2682	#Путьбизнес-психолог
2683	#физиономистПуть
2684	#Путьфизиономист
2685	#психолог-эргономистПуть
2686	#Путьпсихолог-эргономист
2687	#психолог-криминалистПуть
2688	#Путьпсихолог-криминалист
2689	#психолог-экспериментаторПуть
2690	#Путьпсихолог-экспериментатор
2691	#психолог-практикПуть
2692	#Путьпсихолог-практик
2693	#психолог-позитивистПуть
2694	#Путьпсихолог-позитивист
2695	#физиономисткаПуть
2696	#Путьфизиономистка
2697	#психолог-консультантПуть
2698	#Путьпсихолог-консультант
2699	#психолог-дефектологПуть
2700	#Путьпсихолог-дефектолог
2701	#этнопсихологПуть
2702	#Путьэтнопсихолог
2703	#сердцеведкаПуть
2704	#Путьсердцеведка
2705	#тифлопсихологПуть
2706	#Путьтифлопсихолог
2707	#психологПутешествие
2708	#Путешествиепсихолог
2709	#психологиПутешествие
2710	#Путешествиепсихологи
2711	#психологаПутешествие
2712	#Путешествиепсихолога
2713	#психологовПутешествие
2714	#Путешествиепсихологов
2715	#психологуПутешествие
2716	#Путешествиепсихологу
2717	#психологамПутешествие
2718	#Путешествиепсихологам
2719	#психологомПутешествие
2720	#Путешествиепсихологом
2721	#психологамиПутешествие
2722	#Путешествиепсихологами
2723	#психологеПутешествие
2724	#Путешествиепсихологе
2725	#психологахПутешествие
2726	#Путешествиепсихологах
2727	#врачПутешествие
2728	#Путешествиеврач
2729	#психПутешествие
2730	#Путешествиепсих
2731	#ФрейдПутешествие
2732	#ПутешествиеФрейд
2733	#сурдопсихологПутешествие
2734	#Путешествиесурдопсихолог
2735	#реактологПутешествие
2736	#Путешествиереактолог
2737	#олигофренопсихологПутешествие
2738	#Путешествиеолигофренопсихолог
2739	#логопсихологПутешествие
2740	#Путешествиелогопсихолог
2741	#лингвопсихологПутешествие
2742	#Путешествиелингвопсихолог
2743	#психолухПутешествие
2744	#Путешествиепсихолух
2745	#зоопсихологПутешествие
2746	#Путешествиезоопсихолог
2747	#социопсихологПутешествие
2748	#Путешествиесоциопсихолог
2749	#онкопсихологПутешествие
2750	#Путешествиеонкопсихолог
2751	#гештальтпсихологПутешествие
2752	#Путешествиегештальтпсихолог
2753	#астропсихологПутешествие
2754	#Путешествиеастропсихолог
2755	#сердцеведецПутешествие
2756	#Путешествиесердцеведец
2757	#сердцеведПутешествие
2758	#Путешествиесердцевед
2759	#космопсихологПутешествие
2760	#Путешествиекосмопсихолог
2761	#наркопсихологПутешествие
2762	#Путешествиенаркопсихолог
2763	#бизнес-психологПутешествие
2764	#Путешествиебизнес-психолог
2765	#физиономистПутешествие
2766	#Путешествиефизиономист
2767	#психолог-эргономистПутешествие
2768	#Путешествиепсихолог-эргономист
2769	#психолог-криминалистПутешествие
2770	#Путешествиепсихолог-криминалист
2771	#психолог-экспериментаторПутешествие
2772	#Путешествиепсихолог-экспериментатор
2773	#психолог-практикПутешествие
2774	#Путешествиепсихолог-практик
2775	#психолог-позитивистПутешествие
2776	#Путешествиепсихолог-позитивист
2777	#физиономисткаПутешествие
2778	#Путешествиефизиономистка
2779	#психолог-консультантПутешествие
2780	#Путешествиепсихолог-консультант
2781	#психолог-дефектологПутешествие
2782	#Путешествиепсихолог-дефектолог
2783	#этнопсихологПутешествие
2784	#Путешествиеэтнопсихолог
2785	#сердцеведкаПутешествие
2786	#Путешествиесердцеведка
2787	#тифлопсихологПутешествие
2788	#Путешествиетифлопсихолог
